112.482084, 28.475417, 50.000000
112.482917, 28.475417, 48.000000
112.483750, 28.475417, 45.000000
112.484584, 28.475417, 43.000000
112.485417, 28.475417, 45.000000
112.486250, 28.475417, 53.000000
112.487084, 28.475417, 62.000000
112.489584, 28.475417, 58.000000
112.490417, 28.475417, 57.000000
112.491250, 28.475417, 56.000000
112.492084, 28.475417, 56.000000
112.494584, 28.475417, 56.000000
112.477917, 28.474584, 57.000000
112.478750, 28.474584, 60.000000
112.479584, 28.474584, 62.000000
112.480417, 28.474584, 62.000000
112.481250, 28.474584, 66.000000
112.482084, 28.474584, 56.000000
112.482917, 28.474584, 52.000000
112.483750, 28.474584, 48.000000
112.484584, 28.474584, 44.000000
112.485417, 28.474584, 45.000000
112.486250, 28.474584, 55.000000
112.487084, 28.474584, 62.000000
112.487917, 28.474584, 60.000000
112.488750, 28.474584, 59.000000
112.490417, 28.474584, 51.000000
112.491250, 28.474584, 51.000000
112.492084, 28.474584, 51.000000
112.492917, 28.474584, 51.000000
112.494584, 28.474584, 46.000000
112.495417, 28.474584, 49.000000
112.496250, 28.474584, 52.000000
112.475417, 28.473751, 61.000000
112.476250, 28.473751, 57.000000
112.477084, 28.473751, 64.000000
112.477917, 28.473751, 62.000000
112.478750, 28.473751, 57.000000
112.480417, 28.473751, 55.000000
112.481250, 28.473751, 59.000000
112.482084, 28.473751, 56.000000
112.482917, 28.473751, 54.000000
112.483750, 28.473751, 51.000000
112.484584, 28.473751, 46.000000
112.486250, 28.473751, 49.000000
112.487084, 28.473751, 54.000000
112.487917, 28.473751, 58.000000
112.488750, 28.473751, 58.000000
112.489584, 28.473751, 57.000000
112.491250, 28.473751, 53.000000
112.492084, 28.473751, 56.000000
112.492917, 28.473751, 56.000000
112.493750, 28.473751, 56.000000
112.496250, 28.473751, 52.000000
112.497084, 28.473751, 51.000000
112.498750, 28.473751, 50.000000
112.499584, 28.473751, 55.000000
112.473750, 28.472917, 55.000000
112.474584, 28.472917, 58.000000
112.475417, 28.472917, 61.000000
112.476250, 28.472917, 56.000000
112.477084, 28.472917, 61.000000
112.477917, 28.472917, 66.000000
112.478750, 28.472917, 66.000000
112.479584, 28.472917, 66.000000
112.480417, 28.472917, 56.000000
112.481250, 28.472917, 52.000000
112.482084, 28.472917, 52.000000
112.482917, 28.472917, 50.000000
112.483750, 28.472917, 47.000000
112.484584, 28.472917, 50.000000
112.485417, 28.472917, 57.000000
112.486250, 28.472917, 54.000000
112.487084, 28.472917, 48.000000
112.487917, 28.472917, 52.000000
112.488750, 28.472917, 56.000000
112.489584, 28.472917, 55.000000
112.490417, 28.472917, 56.000000
112.491250, 28.472917, 55.000000
112.492084, 28.472917, 53.000000
112.492917, 28.472917, 52.000000
112.493750, 28.472917, 53.000000
112.496250, 28.472917, 45.000000
112.497084, 28.472917, 45.000000
112.497917, 28.472917, 45.000000
112.499584, 28.472917, 45.000000
112.501250, 28.472917, 40.000000
112.502084, 28.472917, 41.000000
112.472084, 28.472084, 62.000000
112.472917, 28.472084, 64.000000
112.473750, 28.472084, 62.000000
112.474584, 28.472084, 53.000000
112.475417, 28.472084, 57.000000
112.476250, 28.472084, 55.000000
112.477084, 28.472084, 57.000000
112.477917, 28.472084, 63.000000
112.478750, 28.472084, 61.000000
112.479584, 28.472084, 57.000000
112.480417, 28.472084, 52.000000
112.481250, 28.472084, 48.000000
112.482084, 28.472084, 47.000000
112.482917, 28.472084, 48.000000
112.483750, 28.472084, 49.000000
112.484584, 28.472084, 57.000000
112.485417, 28.472084, 62.000000
112.486250, 28.472084, 61.000000
112.487084, 28.472084, 52.000000
112.487917, 28.472084, 56.000000
112.488750, 28.472084, 60.000000
112.490417, 28.472084, 58.000000
112.492084, 28.472084, 54.000000
112.492917, 28.472084, 52.000000
112.494584, 28.472084, 45.000000
112.495417, 28.472084, 47.000000
112.497084, 28.472084, 43.000000
112.498750, 28.472084, 40.000000
112.499584, 28.472084, 40.000000
112.500417, 28.472084, 40.000000
112.501250, 28.472084, 39.000000
112.502084, 28.472084, 38.000000
112.502917, 28.472084, 39.000000
112.503750, 28.472084, 39.000000
112.470417, 28.471251, 47.000000
112.471250, 28.471251, 54.000000
112.472084, 28.471251, 56.000000
112.472917, 28.471251, 57.000000
112.473750, 28.471251, 61.000000
112.474584, 28.471251, 51.000000
112.475417, 28.471251, 51.000000
112.476250, 28.471251, 50.000000
112.477084, 28.471251, 51.000000
112.477917, 28.471251, 52.000000
112.478750, 28.471251, 51.000000
112.479584, 28.471251, 50.000000
112.482084, 28.471251, 47.000000
112.482917, 28.471251, 52.000000
112.483750, 28.471251, 57.000000
112.484584, 28.471251, 60.000000
112.485417, 28.471251, 58.000000
112.486250, 28.471251, 63.000000
112.487084, 28.471251, 58.000000
112.487917, 28.471251, 57.000000
112.488750, 28.471251, 60.000000
112.489584, 28.471251, 61.000000
112.490417, 28.471251, 61.000000
112.492084, 28.471251, 50.000000
112.492917, 28.471251, 55.000000
112.494584, 28.471251, 47.000000
112.495417, 28.471251, 52.000000
112.496250, 28.471251, 50.000000
112.497084, 28.471251, 49.000000
112.498750, 28.471251, 48.000000
112.499584, 28.471251, 47.000000
112.501250, 28.471251, 47.000000
112.502917, 28.471251, 42.000000
112.503750, 28.471251, 47.000000
112.504584, 28.471251, 49.000000
112.469584, 28.470417, 43.000000
112.470417, 28.470417, 43.000000
112.471250, 28.470417, 44.000000
112.472084, 28.470417, 47.000000
112.472917, 28.470417, 48.000000
112.473750, 28.470417, 49.000000
112.474584, 28.470417, 46.000000
112.475417, 28.470417, 46.000000
112.476250, 28.470417, 47.000000
112.477084, 28.470417, 47.000000
112.477917, 28.470417, 47.000000
112.478750, 28.470417, 50.000000
112.479584, 28.470417, 57.000000
112.480417, 28.470417, 65.000000
112.481250, 28.470417, 61.000000
112.482084, 28.470417, 52.000000
112.482917, 28.470417, 56.000000
112.483750, 28.470417, 61.000000
112.484584, 28.470417, 64.000000
112.485417, 28.470417, 59.000000
112.486250, 28.470417, 63.000000
112.487084, 28.470417, 59.000000
112.487917, 28.470417, 59.000000
112.488750, 28.470417, 61.000000
112.489584, 28.470417, 61.000000
112.490417, 28.470417, 62.000000
112.491250, 28.470417, 60.000000
112.494584, 28.470417, 51.000000
112.495417, 28.470417, 55.000000
112.496250, 28.470417, 55.000000
112.497084, 28.470417, 58.000000
112.498750, 28.470417, 51.000000
112.499584, 28.470417, 51.000000
112.500417, 28.470417, 51.000000
112.501250, 28.470417, 53.000000
112.502917, 28.470417, 44.000000
112.503750, 28.470417, 52.000000
112.504584, 28.470417, 57.000000
112.505417, 28.470417, 57.000000
112.506250, 28.470417, 56.000000
112.467917, 28.469584, 53.000000
112.468750, 28.469584, 54.000000
112.469584, 28.469584, 47.000000
112.470417, 28.469584, 45.000000
112.471250, 28.469584, 44.000000
112.472084, 28.469584, 48.000000
112.472917, 28.469584, 51.000000
112.473750, 28.469584, 47.000000
112.474584, 28.469584, 46.000000
112.475417, 28.469584, 51.000000
112.476250, 28.469584, 52.000000
112.477084, 28.469584, 51.000000
112.477917, 28.469584, 56.000000
112.478750, 28.469584, 53.000000
112.479584, 28.469584, 60.000000
112.480417, 28.469584, 68.000000
112.481250, 28.469584, 62.000000
112.482084, 28.469584, 52.000000
112.482917, 28.469584, 59.000000
112.483750, 28.469584, 66.000000
112.484584, 28.469584, 63.000000
112.485417, 28.469584, 60.000000
112.486250, 28.469584, 64.000000
112.487084, 28.469584, 59.000000
112.487917, 28.469584, 61.000000
112.488750, 28.469584, 60.000000
112.490417, 28.469584, 57.000000
112.491250, 28.469584, 61.000000
112.492917, 28.469584, 51.000000
112.493750, 28.469584, 50.000000
112.495417, 28.469584, 52.000000
112.496250, 28.469584, 58.000000
112.497084, 28.469584, 63.000000
112.498750, 28.469584, 51.000000
112.499584, 28.469584, 52.000000
112.500417, 28.469584, 52.000000
112.502084, 28.469584, 44.000000
112.502917, 28.469584, 46.000000
112.503750, 28.469584, 54.000000
112.504584, 28.469584, 56.000000
112.505417, 28.469584, 54.000000
112.506250, 28.469584, 53.000000
112.507084, 28.469584, 51.000000
112.467084, 28.468751, 53.000000
112.467917, 28.468751, 54.000000
112.468750, 28.468751, 54.000000
112.469584, 28.468751, 50.000000
112.470417, 28.468751, 47.000000
112.471250, 28.468751, 49.000000
112.472084, 28.468751, 56.000000
112.472917, 28.468751, 56.000000
112.473750, 28.468751, 47.000000
112.474584, 28.468751, 48.000000
112.475417, 28.468751, 57.000000
112.476250, 28.468751, 60.000000
112.477084, 28.468751, 61.000000
112.477917, 28.468751, 60.000000
112.478750, 28.468751, 56.000000
112.479584, 28.468751, 57.000000
112.480417, 28.468751, 62.000000
112.481250, 28.468751, 61.000000
112.482084, 28.468751, 57.000000
112.482917, 28.468751, 65.000000
112.483750, 28.468751, 69.000000
112.484584, 28.468751, 58.000000
112.485417, 28.468751, 60.000000
112.486250, 28.468751, 62.000000
112.487084, 28.468751, 61.000000
112.487917, 28.468751, 59.000000
112.488750, 28.468751, 59.000000
112.489584, 28.468751, 59.000000
112.491250, 28.468751, 57.000000
112.492917, 28.468751, 58.000000
112.493750, 28.468751, 60.000000
112.495417, 28.468751, 53.000000
112.496250, 28.468751, 61.000000
112.497084, 28.468751, 63.000000
112.499584, 28.468751, 48.000000
112.500417, 28.468751, 48.000000
112.501250, 28.468751, 49.000000
112.502084, 28.468751, 49.000000
112.502917, 28.468751, 48.000000
112.503750, 28.468751, 50.000000
112.504584, 28.468751, 53.000000
112.505417, 28.468751, 51.000000
112.506250, 28.468751, 50.000000
112.507917, 28.468751, 46.000000
112.508750, 28.468751, 45.000000
112.466250, 28.467917, 55.000000
112.467084, 28.467917, 54.000000
112.467917, 28.467917, 51.000000
112.468750, 28.467917, 50.000000
112.469584, 28.467917, 51.000000
112.470417, 28.467917, 53.000000
112.471250, 28.467917, 54.000000
112.472084, 28.467917, 59.000000
112.472917, 28.467917, 54.000000
112.473750, 28.467917, 48.000000
112.474584, 28.467917, 49.000000
112.475417, 28.467917, 55.000000
112.476250, 28.467917, 61.000000
112.477084, 28.467917, 66.000000
112.477917, 28.467917, 64.000000
112.478750, 28.467917, 62.000000
112.479584, 28.467917, 59.000000
112.480417, 28.467917, 58.000000
112.481250, 28.467917, 60.000000
112.482084, 28.467917, 62.000000
112.482917, 28.467917, 68.000000
112.483750, 28.467917, 70.000000
112.484584, 28.467917, 58.000000
112.485417, 28.467917, 56.000000
112.486250, 28.467917, 61.000000
112.487084, 28.467917, 64.000000
112.488750, 28.467917, 59.000000
112.489584, 28.467917, 58.000000
112.490417, 28.467917, 57.000000
112.491250, 28.467917, 57.000000
112.492084, 28.467917, 55.000000
112.492917, 28.467917, 60.000000
112.493750, 28.467917, 59.000000
112.495417, 28.467917, 55.000000
112.496250, 28.467917, 56.000000
112.497084, 28.467917, 55.000000
112.498750, 28.467917, 55.000000
112.499584, 28.467917, 54.000000
112.500417, 28.467917, 55.000000
112.501250, 28.467917, 57.000000
112.502084, 28.467917, 55.000000
112.503750, 28.467917, 51.000000
112.504584, 28.467917, 54.000000
112.505417, 28.467917, 53.000000
112.506250, 28.467917, 54.000000
112.507084, 28.467917, 52.000000
112.508750, 28.467917, 48.000000
112.509584, 28.467917, 53.000000
112.465417, 28.467084, 59.000000
112.466250, 28.467084, 57.000000
112.467084, 28.467084, 56.000000
112.467917, 28.467084, 55.000000
112.468750, 28.467084, 57.000000
112.469584, 28.467084, 58.000000
112.470417, 28.467084, 56.000000
112.471250, 28.467084, 59.000000
112.472084, 28.467084, 57.000000
112.472917, 28.467084, 54.000000
112.473750, 28.467084, 54.000000
112.474584, 28.467084, 50.000000
112.475417, 28.467084, 53.000000
112.476250, 28.467084, 65.000000
112.477084, 28.467084, 72.000000
112.477917, 28.467084, 67.000000
112.478750, 28.467084, 66.000000
112.479584, 28.467084, 64.000000
112.480417, 28.467084, 59.000000
112.481250, 28.467084, 62.000000
112.482084, 28.467084, 65.000000
112.482917, 28.467084, 69.000000
112.483750, 28.467084, 67.000000
112.484584, 28.467084, 59.000000
112.485417, 28.467084, 55.000000
112.486250, 28.467084, 55.000000
112.487084, 28.467084, 56.000000
112.487917, 28.467084, 56.000000
112.488750, 28.467084, 61.000000
112.489584, 28.467084, 59.000000
112.491250, 28.467084, 56.000000
112.492084, 28.467084, 57.000000
112.492917, 28.467084, 55.000000
112.493750, 28.467084, 59.000000
112.495417, 28.467084, 56.000000
112.496250, 28.467084, 54.000000
112.497917, 28.467084, 53.000000
112.498750, 28.467084, 60.000000
112.500417, 28.467084, 58.000000
112.501250, 28.467084, 60.000000
112.503750, 28.467084, 53.000000
112.504584, 28.467084, 54.000000
112.506250, 28.467084, 54.000000
112.508750, 28.467084, 51.000000
112.509584, 28.467084, 53.000000
112.464584, 28.466251, 61.000000
112.465417, 28.466251, 60.000000
112.466250, 28.466251, 60.000000
112.467084, 28.466251, 63.000000
112.467917, 28.466251, 61.000000
112.468750, 28.466251, 61.000000
112.469584, 28.466251, 60.000000
112.470417, 28.466251, 59.000000
112.471250, 28.466251, 57.000000
112.472084, 28.466251, 57.000000
112.472917, 28.466251, 60.000000
112.473750, 28.466251, 60.000000
112.474584, 28.466251, 54.000000
112.475417, 28.466251, 50.000000
112.476250, 28.466251, 61.000000
112.477084, 28.466251, 66.000000
112.477917, 28.466251, 63.000000
112.478750, 28.466251, 65.000000
112.479584, 28.466251, 69.000000
112.480417, 28.466251, 63.000000
112.481250, 28.466251, 61.000000
112.482084, 28.466251, 61.000000
112.482917, 28.466251, 64.000000
112.483750, 28.466251, 63.000000
112.484584, 28.466251, 60.000000
112.485417, 28.466251, 60.000000
112.486250, 28.466251, 58.000000
112.487084, 28.466251, 53.000000
112.487917, 28.466251, 53.000000
112.488750, 28.466251, 60.000000
112.489584, 28.466251, 61.000000
112.492084, 28.466251, 56.000000
112.493750, 28.466251, 54.000000
112.494584, 28.466251, 54.000000
112.495417, 28.466251, 55.000000
112.496250, 28.466251, 56.000000
112.497084, 28.466251, 54.000000
112.497917, 28.466251, 55.000000
112.498750, 28.466251, 58.000000
112.500417, 28.466251, 54.000000
112.501250, 28.466251, 52.000000
112.502084, 28.466251, 53.000000
112.502917, 28.466251, 53.000000
112.503750, 28.466251, 52.000000
112.504584, 28.466251, 51.000000
112.506250, 28.466251, 49.000000
112.507084, 28.466251, 49.000000
112.508750, 28.466251, 49.000000
112.509584, 28.466251, 55.000000
112.463750, 28.465417, 57.000000
112.464584, 28.465417, 62.000000
112.465417, 28.465417, 56.000000
112.466250, 28.465417, 62.000000
112.467084, 28.465417, 65.000000
112.467917, 28.465417, 62.000000
112.468750, 28.465417, 60.000000
112.469584, 28.465417, 56.000000
112.470417, 28.465417, 60.000000
112.471250, 28.465417, 62.000000
112.472084, 28.465417, 63.000000
112.472917, 28.465417, 65.000000
112.473750, 28.465417, 66.000000
112.474584, 28.465417, 61.000000
112.475417, 28.465417, 52.000000
112.476250, 28.465417, 54.000000
112.477084, 28.465417, 58.000000
112.477917, 28.465417, 63.000000
112.478750, 28.465417, 69.000000
112.479584, 28.465417, 68.000000
112.480417, 28.465417, 67.000000
112.481250, 28.465417, 59.000000
112.482084, 28.465417, 57.000000
112.482917, 28.465417, 62.000000
112.483750, 28.465417, 66.000000
112.484584, 28.465417, 64.000000
112.485417, 28.465417, 62.000000
112.486250, 28.465417, 67.000000
112.487084, 28.465417, 62.000000
112.488750, 28.465417, 53.000000
112.489584, 28.465417, 57.000000
112.490417, 28.465417, 59.000000
112.491250, 28.465417, 60.000000
112.492084, 28.465417, 58.000000
112.493750, 28.465417, 49.000000
112.494584, 28.465417, 49.000000
112.495417, 28.465417, 53.000000
112.496250, 28.465417, 58.000000
112.497084, 28.465417, 60.000000
112.500417, 28.465417, 51.000000
112.501250, 28.465417, 54.000000
112.502084, 28.465417, 57.000000
112.505417, 28.465417, 44.000000
112.506250, 28.465417, 45.000000
112.507084, 28.465417, 47.000000
112.507917, 28.465417, 51.000000
112.508750, 28.465417, 49.000000
112.509584, 28.465417, 52.000000
112.510417, 28.465417, 51.000000
112.462917, 28.464584, 54.000000
112.463750, 28.464584, 53.000000
112.464584, 28.464584, 55.000000
112.465417, 28.464584, 56.000000
112.466250, 28.464584, 59.000000
112.467084, 28.464584, 57.000000
112.467917, 28.464584, 54.000000
112.468750, 28.464584, 54.000000
112.469584, 28.464584, 54.000000
112.470417, 28.464584, 60.000000
112.471250, 28.464584, 66.000000
112.472084, 28.464584, 67.000000
112.472917, 28.464584, 67.000000
112.473750, 28.464584, 64.000000
112.474584, 28.464584, 56.000000
112.475417, 28.464584, 52.000000
112.476250, 28.464584, 53.000000
112.477084, 28.464584, 53.000000
112.477917, 28.464584, 57.000000
112.478750, 28.464584, 60.000000
112.479584, 28.464584, 64.000000
112.480417, 28.464584, 64.000000
112.481250, 28.464584, 61.000000
112.482084, 28.464584, 59.000000
112.482917, 28.464584, 57.000000
112.483750, 28.464584, 63.000000
112.484584, 28.464584, 66.000000
112.485417, 28.464584, 60.000000
112.486250, 28.464584, 62.000000
112.487084, 28.464584, 62.000000
112.488750, 28.464584, 49.000000
112.489584, 28.464584, 59.000000
112.490417, 28.464584, 63.000000
112.492084, 28.464584, 58.000000
112.492917, 28.464584, 57.000000
112.493750, 28.464584, 55.000000
112.496250, 28.464584, 51.000000
112.497084, 28.464584, 58.000000
112.497917, 28.464584, 58.000000
112.499584, 28.464584, 54.000000
112.501250, 28.464584, 53.000000
112.502084, 28.464584, 60.000000
112.502917, 28.464584, 61.000000
112.505417, 28.464584, 52.000000
112.506250, 28.464584, 52.000000
112.507917, 28.464584, 54.000000
112.509584, 28.464584, 51.000000
112.510417, 28.464584, 52.000000
112.511250, 28.464584, 51.000000
112.462917, 28.463751, 47.000000
112.463750, 28.463751, 47.000000
112.464584, 28.463751, 47.000000
112.465417, 28.463751, 47.000000
112.466250, 28.463751, 49.000000
112.467084, 28.463751, 49.000000
112.467917, 28.463751, 49.000000
112.468750, 28.463751, 54.000000
112.469584, 28.463751, 56.000000
112.470417, 28.463751, 60.000000
112.471250, 28.463751, 69.000000
112.472084, 28.463751, 70.000000
112.472917, 28.463751, 63.000000
112.474584, 28.463751, 56.000000
112.475417, 28.463751, 60.000000
112.476250, 28.463751, 62.000000
112.477084, 28.463751, 65.000000
112.477917, 28.463751, 61.000000
112.478750, 28.463751, 56.000000
112.479584, 28.463751, 58.000000
112.480417, 28.463751, 60.000000
112.481250, 28.463751, 63.000000
112.482084, 28.463751, 61.000000
112.482917, 28.463751, 58.000000
112.483750, 28.463751, 54.000000
112.484584, 28.463751, 60.000000
112.485417, 28.463751, 58.000000
112.486250, 28.463751, 57.000000
112.487084, 28.463751, 56.000000
112.487917, 28.463751, 56.000000
112.489584, 28.463751, 53.000000
112.490417, 28.463751, 59.000000
112.492084, 28.463751, 55.000000
112.492917, 28.463751, 59.000000
112.493750, 28.463751, 61.000000
112.497084, 28.463751, 48.000000
112.497917, 28.463751, 55.000000
112.498750, 28.463751, 56.000000
112.499584, 28.463751, 56.000000
112.500417, 28.463751, 55.000000
112.501250, 28.463751, 53.000000
112.502084, 28.463751, 58.000000
112.502917, 28.463751, 58.000000
112.504584, 28.463751, 53.000000
112.505417, 28.463751, 54.000000
112.506250, 28.463751, 52.000000
112.507084, 28.463751, 50.000000
112.507917, 28.463751, 53.000000
112.508750, 28.463751, 52.000000
112.510417, 28.463751, 48.000000
112.511250, 28.463751, 49.000000
112.462084, 28.462917, 43.000000
112.462917, 28.462917, 44.000000
112.463750, 28.462917, 48.000000
112.464584, 28.462917, 49.000000
112.465417, 28.462917, 50.000000
112.466250, 28.462917, 55.000000
112.467084, 28.462917, 56.000000
112.467917, 28.462917, 54.000000
112.468750, 28.462917, 55.000000
112.469584, 28.462917, 61.000000
112.470417, 28.462917, 62.000000
112.471250, 28.462917, 65.000000
112.472084, 28.462917, 65.000000
112.472917, 28.462917, 58.000000
112.473750, 28.462917, 62.000000
112.474584, 28.462917, 70.000000
112.475417, 28.462917, 71.000000
112.476250, 28.462917, 72.000000
112.477084, 28.462917, 74.000000
112.477917, 28.462917, 66.000000
112.478750, 28.462917, 58.000000
112.479584, 28.462917, 58.000000
112.480417, 28.462917, 59.000000
112.481250, 28.462917, 63.000000
112.482084, 28.462917, 68.000000
112.482917, 28.462917, 67.000000
112.483750, 28.462917, 56.000000
112.484584, 28.462917, 51.000000
112.485417, 28.462917, 54.000000
112.486250, 28.462917, 58.000000
112.487084, 28.462917, 61.000000
112.487917, 28.462917, 60.000000
112.490417, 28.462917, 50.000000
112.491250, 28.462917, 52.000000
112.492084, 28.462917, 52.000000
112.492917, 28.462917, 59.000000
112.493750, 28.462917, 58.000000
112.497084, 28.462917, 47.000000
112.497917, 28.462917, 49.000000
112.498750, 28.462917, 56.000000
112.499584, 28.462917, 59.000000
112.500417, 28.462917, 57.000000
112.502084, 28.462917, 54.000000
112.502917, 28.462917, 57.000000
112.504584, 28.462917, 56.000000
112.505417, 28.462917, 60.000000
112.507084, 28.462917, 54.000000
112.507917, 28.462917, 53.000000
112.508750, 28.462917, 54.000000
112.511250, 28.462917, 42.000000
112.513750, 28.462917, 35.000000
112.461250, 28.462084, 50.000000
112.462084, 28.462084, 45.000000
112.462917, 28.462084, 46.000000
112.463750, 28.462084, 47.000000
112.464584, 28.462084, 53.000000
112.465417, 28.462084, 57.000000
112.466250, 28.462084, 62.000000
112.467084, 28.462084, 64.000000
112.467917, 28.462084, 62.000000
112.468750, 28.462084, 53.000000
112.469584, 28.462084, 60.000000
112.470417, 28.462084, 63.000000
112.471250, 28.462084, 66.000000
112.472084, 28.462084, 61.000000
112.472917, 28.462084, 62.000000
112.473750, 28.462084, 69.000000
112.474584, 28.462084, 74.000000
112.475417, 28.462084, 73.000000
112.476250, 28.462084, 71.000000
112.477084, 28.462084, 69.000000
112.477917, 28.462084, 64.000000
112.478750, 28.462084, 65.000000
112.479584, 28.462084, 62.000000
112.480417, 28.462084, 58.000000
112.481250, 28.462084, 63.000000
112.482084, 28.462084, 69.000000
112.482917, 28.462084, 70.000000
112.483750, 28.462084, 59.000000
112.484584, 28.462084, 53.000000
112.485417, 28.462084, 51.000000
112.486250, 28.462084, 56.000000
112.487084, 28.462084, 62.000000
112.487917, 28.462084, 60.000000
112.489584, 28.462084, 55.000000
112.490417, 28.462084, 55.000000
112.492084, 28.462084, 48.000000
112.492917, 28.462084, 52.000000
112.493750, 28.462084, 57.000000
112.494584, 28.462084, 60.000000
112.495417, 28.462084, 62.000000
112.497084, 28.462084, 56.000000
112.498750, 28.462084, 48.000000
112.499584, 28.462084, 51.000000
112.502084, 28.462084, 47.000000
112.502917, 28.462084, 49.000000
112.503750, 28.462084, 49.000000
112.504584, 28.462084, 54.000000
112.505417, 28.462084, 54.000000
112.506250, 28.462084, 52.000000
112.508750, 28.462084, 44.000000
112.511250, 28.462084, 35.000000
112.512084, 28.462084, 35.000000
112.512917, 28.462084, 34.000000
112.513750, 28.462084, 35.000000
112.514584, 28.462084, 34.000000
112.461250, 28.461251, 53.000000
112.462084, 28.461251, 50.000000
112.462917, 28.461251, 45.000000
112.463750, 28.461251, 45.000000
112.464584, 28.461251, 48.000000
112.465417, 28.461251, 53.000000
112.466250, 28.461251, 62.000000
112.467084, 28.461251, 66.000000
112.467917, 28.461251, 65.000000
112.468750, 28.461251, 58.000000
112.469584, 28.461251, 59.000000
112.470417, 28.461251, 66.000000
112.471250, 28.461251, 68.000000
112.472084, 28.461251, 69.000000
112.472917, 28.461251, 67.000000
112.473750, 28.461251, 66.000000
112.474584, 28.461251, 67.000000
112.475417, 28.461251, 69.000000
112.476250, 28.461251, 68.000000
112.477084, 28.461251, 69.000000
112.477917, 28.461251, 69.000000
112.478750, 28.461251, 70.000000
112.479584, 28.461251, 66.000000
112.480417, 28.461251, 60.000000
112.481250, 28.461251, 55.000000
112.482084, 28.461251, 60.000000
112.482917, 28.461251, 64.000000
112.483750, 28.461251, 60.000000
112.484584, 28.461251, 60.000000
112.485417, 28.461251, 60.000000
112.486250, 28.461251, 54.000000
112.487084, 28.461251, 59.000000
112.487917, 28.461251, 62.000000
112.488750, 28.461251, 61.000000
112.489584, 28.461251, 64.000000
112.490417, 28.461251, 64.000000
112.493750, 28.461251, 46.000000
112.494584, 28.461251, 55.000000
112.495417, 28.461251, 59.000000
112.496250, 28.461251, 62.000000
112.498750, 28.461251, 47.000000
112.500417, 28.461251, 41.000000
112.501250, 28.461251, 41.000000
112.502084, 28.461251, 42.000000
112.502917, 28.461251, 41.000000
112.503750, 28.461251, 41.000000
112.504584, 28.461251, 42.000000
112.507084, 28.461251, 37.000000
112.507917, 28.461251, 38.000000
112.508750, 28.461251, 38.000000
112.509584, 28.461251, 36.000000
112.510417, 28.461251, 36.000000
112.511250, 28.461251, 35.000000
112.512084, 28.461251, 35.000000
112.512917, 28.461251, 37.000000
112.513750, 28.461251, 35.000000
112.514584, 28.461251, 36.000000
112.460417, 28.460417, 51.000000
112.461250, 28.460417, 56.000000
112.462084, 28.460417, 51.000000
112.462917, 28.460417, 47.000000
112.463750, 28.460417, 53.000000
112.464584, 28.460417, 50.000000
112.465417, 28.460417, 49.000000
112.466250, 28.460417, 53.000000
112.467084, 28.460417, 58.000000
112.467917, 28.460417, 60.000000
112.468750, 28.460417, 63.000000
112.469584, 28.460417, 62.000000
112.470417, 28.460417, 67.000000
112.471250, 28.460417, 66.000000
112.472084, 28.460417, 69.000000
112.472917, 28.460417, 70.000000
112.473750, 28.460417, 69.000000
112.474584, 28.460417, 71.000000
112.475417, 28.460417, 71.000000
112.476250, 28.460417, 72.000000
112.477084, 28.460417, 69.000000
112.477917, 28.460417, 69.000000
112.478750, 28.460417, 74.000000
112.479584, 28.460417, 73.000000
112.480417, 28.460417, 63.000000
112.481250, 28.460417, 54.000000
112.482084, 28.460417, 54.000000
112.482917, 28.460417, 55.000000
112.483750, 28.460417, 54.000000
112.484584, 28.460417, 58.000000
112.485417, 28.460417, 61.000000
112.486250, 28.460417, 52.000000
112.487084, 28.460417, 52.000000
112.487917, 28.460417, 58.000000
112.488750, 28.460417, 62.000000
112.489584, 28.460417, 63.000000
112.490417, 28.460417, 61.000000
112.492084, 28.460417, 54.000000
112.494584, 28.460417, 44.000000
112.495417, 28.460417, 48.000000
112.496250, 28.460417, 51.000000
112.497084, 28.460417, 50.000000
112.498750, 28.460417, 47.000000
112.501250, 28.460417, 39.000000
112.502084, 28.460417, 40.000000
112.502917, 28.460417, 38.000000
112.503750, 28.460417, 38.000000
112.504584, 28.460417, 37.000000
112.505417, 28.460417, 36.000000
112.506250, 28.460417, 37.000000
112.507084, 28.460417, 37.000000
112.507917, 28.460417, 38.000000
112.508750, 28.460417, 38.000000
112.509584, 28.460417, 37.000000
112.510417, 28.460417, 37.000000
112.511250, 28.460417, 37.000000
112.512084, 28.460417, 37.000000
112.512917, 28.460417, 39.000000
112.513750, 28.460417, 38.000000
112.514584, 28.460417, 39.000000
112.515417, 28.460417, 39.000000
112.460417, 28.459584, 51.000000
112.461250, 28.459584, 56.000000
112.462084, 28.459584, 58.000000
112.462917, 28.459584, 49.000000
112.463750, 28.459584, 56.000000
112.464584, 28.459584, 60.000000
112.465417, 28.459584, 51.000000
112.466250, 28.459584, 49.000000
112.467084, 28.459584, 52.000000
112.467917, 28.459584, 58.000000
112.468750, 28.459584, 66.000000
112.469584, 28.459584, 65.000000
112.470417, 28.459584, 68.000000
112.471250, 28.459584, 68.000000
112.472084, 28.459584, 63.000000
112.472917, 28.459584, 66.000000
112.473750, 28.459584, 65.000000
112.474584, 28.459584, 69.000000
112.475417, 28.459584, 74.000000
112.476250, 28.459584, 75.000000
112.477084, 28.459584, 69.000000
112.477917, 28.459584, 69.000000
112.478750, 28.459584, 77.000000
112.479584, 28.459584, 80.000000
112.480417, 28.459584, 71.000000
112.481250, 28.459584, 60.000000
112.482084, 28.459584, 63.000000
112.482917, 28.459584, 61.000000
112.483750, 28.459584, 54.000000
112.484584, 28.459584, 53.000000
112.485417, 28.459584, 57.000000
112.486250, 28.459584, 55.000000
112.487084, 28.459584, 48.000000
112.487917, 28.459584, 50.000000
112.488750, 28.459584, 50.000000
112.489584, 28.459584, 51.000000
112.490417, 28.459584, 52.000000
112.491250, 28.459584, 53.000000
112.492084, 28.459584, 51.000000
112.492917, 28.459584, 51.000000
112.494584, 28.459584, 46.000000
112.496250, 28.459584, 44.000000
112.497084, 28.459584, 42.000000
112.497917, 28.459584, 44.000000
112.498750, 28.459584, 42.000000
112.499584, 28.459584, 40.000000
112.500417, 28.459584, 40.000000
112.501250, 28.459584, 38.000000
112.502084, 28.459584, 37.000000
112.502917, 28.459584, 37.000000
112.503750, 28.459584, 37.000000
112.504584, 28.459584, 38.000000
112.505417, 28.459584, 39.000000
112.506250, 28.459584, 39.000000
112.507084, 28.459584, 41.000000
112.507917, 28.459584, 42.000000
112.508750, 28.459584, 44.000000
112.510417, 28.459584, 40.000000
112.511250, 28.459584, 44.000000
112.512084, 28.459584, 43.000000
112.512917, 28.459584, 43.000000
112.513750, 28.459584, 44.000000
112.514584, 28.459584, 43.000000
112.459584, 28.458751, 59.000000
112.460417, 28.458751, 55.000000
112.461250, 28.458751, 61.000000
112.462084, 28.458751, 59.000000
112.462917, 28.458751, 51.000000
112.463750, 28.458751, 58.000000
112.464584, 28.458751, 62.000000
112.465417, 28.458751, 63.000000
112.466250, 28.458751, 54.000000
112.467084, 28.458751, 49.000000
112.467917, 28.458751, 53.000000
112.468750, 28.458751, 57.000000
112.469584, 28.458751, 62.000000
112.470417, 28.458751, 65.000000
112.471250, 28.458751, 64.000000
112.472084, 28.458751, 58.000000
112.472917, 28.458751, 63.000000
112.473750, 28.458751, 61.000000
112.474584, 28.458751, 65.000000
112.475417, 28.458751, 70.000000
112.476250, 28.458751, 74.000000
112.477084, 28.458751, 72.000000
112.477917, 28.458751, 67.000000
112.478750, 28.458751, 69.000000
112.479584, 28.458751, 73.000000
112.480417, 28.458751, 67.000000
112.481250, 28.458751, 65.000000
112.482084, 28.458751, 71.000000
112.482917, 28.458751, 66.000000
112.483750, 28.458751, 57.000000
112.484584, 28.458751, 53.000000
112.485417, 28.458751, 50.000000
112.486250, 28.458751, 50.000000
112.487084, 28.458751, 46.000000
112.487917, 28.458751, 46.000000
112.488750, 28.458751, 46.000000
112.490417, 28.458751, 44.000000
112.491250, 28.458751, 45.000000
112.492917, 28.458751, 43.000000
112.493750, 28.458751, 43.000000
112.494584, 28.458751, 43.000000
112.495417, 28.458751, 41.000000
112.496250, 28.458751, 42.000000
112.497084, 28.458751, 43.000000
112.497917, 28.458751, 41.000000
112.498750, 28.458751, 40.000000
112.499584, 28.458751, 38.000000
112.500417, 28.458751, 39.000000
112.501250, 28.458751, 38.000000
112.502084, 28.458751, 39.000000
112.502917, 28.458751, 39.000000
112.503750, 28.458751, 41.000000
112.504584, 28.458751, 45.000000
112.505417, 28.458751, 45.000000
112.506250, 28.458751, 46.000000
112.507084, 28.458751, 48.000000
112.507917, 28.458751, 49.000000
112.508750, 28.458751, 50.000000
112.509584, 28.458751, 48.000000
112.510417, 28.458751, 48.000000
112.511250, 28.458751, 51.000000
112.512084, 28.458751, 50.000000
112.512917, 28.458751, 51.000000
112.513750, 28.458751, 50.000000
112.514584, 28.458751, 48.000000
112.459584, 28.457917, 60.000000
112.460417, 28.457917, 63.000000
112.461250, 28.457917, 64.000000
112.462084, 28.457917, 53.000000
112.462917, 28.457917, 54.000000
112.463750, 28.457917, 55.000000
112.464584, 28.457917, 63.000000
112.465417, 28.457917, 63.000000
112.466250, 28.457917, 55.000000
112.467084, 28.457917, 55.000000
112.467917, 28.457917, 53.000000
112.468750, 28.457917, 50.000000
112.469584, 28.457917, 52.000000
112.470417, 28.457917, 53.000000
112.471250, 28.457917, 53.000000
112.472084, 28.457917, 55.000000
112.472917, 28.457917, 60.000000
112.473750, 28.457917, 63.000000
112.474584, 28.457917, 66.000000
112.475417, 28.457917, 67.000000
112.476250, 28.457917, 68.000000
112.477084, 28.457917, 71.000000
112.477917, 28.457917, 66.000000
112.478750, 28.457917, 59.000000
112.479584, 28.457917, 63.000000
112.480417, 28.457917, 62.000000
112.481250, 28.457917, 64.000000
112.482084, 28.457917, 65.000000
112.482917, 28.457917, 56.000000
112.483750, 28.457917, 52.000000
112.484584, 28.457917, 52.000000
112.485417, 28.457917, 50.000000
112.486250, 28.457917, 47.000000
112.487084, 28.457917, 46.000000
112.487917, 28.457917, 45.000000
112.488750, 28.457917, 44.000000
112.489584, 28.457917, 44.000000
112.490417, 28.457917, 44.000000
112.491250, 28.457917, 43.000000
112.492084, 28.457917, 43.000000
112.492917, 28.457917, 43.000000
112.493750, 28.457917, 42.000000
112.494584, 28.457917, 42.000000
112.495417, 28.457917, 43.000000
112.496250, 28.457917, 42.000000
112.497084, 28.457917, 43.000000
112.497917, 28.457917, 43.000000
112.498750, 28.457917, 42.000000
112.499584, 28.457917, 41.000000
112.500417, 28.457917, 40.000000
112.501250, 28.457917, 42.000000
112.502084, 28.457917, 46.000000
112.502917, 28.457917, 46.000000
112.503750, 28.457917, 47.000000
112.504584, 28.457917, 48.000000
112.505417, 28.457917, 52.000000
112.506250, 28.457917, 55.000000
112.507084, 28.457917, 56.000000
112.508750, 28.457917, 55.000000
112.509584, 28.457917, 53.000000
112.511250, 28.457917, 51.000000
112.512084, 28.457917, 51.000000
112.513750, 28.457917, 48.000000
112.514584, 28.457917, 49.000000
112.458750, 28.457084, 56.000000
112.459584, 28.457084, 60.000000
112.460417, 28.457084, 63.000000
112.461250, 28.457084, 57.000000
112.462084, 28.457084, 55.000000
112.462917, 28.457084, 60.000000
112.463750, 28.457084, 61.000000
112.464584, 28.457084, 64.000000
112.465417, 28.457084, 61.000000
112.466250, 28.457084, 60.000000
112.467084, 28.457084, 64.000000
112.467917, 28.457084, 59.000000
112.468750, 28.457084, 56.000000
112.469584, 28.457084, 54.000000
112.470417, 28.457084, 50.000000
112.471250, 28.457084, 50.000000
112.472084, 28.457084, 54.000000
112.472917, 28.457084, 58.000000
112.473750, 28.457084, 63.000000
112.474584, 28.457084, 67.000000
112.475417, 28.457084, 67.000000
112.476250, 28.457084, 63.000000
112.477084, 28.457084, 65.000000
112.477917, 28.457084, 69.000000
112.478750, 28.457084, 61.000000
112.479584, 28.457084, 58.000000
112.480417, 28.457084, 56.000000
112.481250, 28.457084, 58.000000
112.482084, 28.457084, 57.000000
112.482917, 28.457084, 51.000000
112.483750, 28.457084, 49.000000
112.484584, 28.457084, 49.000000
112.485417, 28.457084, 47.000000
112.486250, 28.457084, 46.000000
112.487084, 28.457084, 46.000000
112.487917, 28.457084, 47.000000
112.488750, 28.457084, 45.000000
112.489584, 28.457084, 47.000000
112.490417, 28.457084, 47.000000
112.492084, 28.457084, 44.000000
112.492917, 28.457084, 45.000000
112.493750, 28.457084, 44.000000
112.494584, 28.457084, 45.000000
112.495417, 28.457084, 48.000000
112.496250, 28.457084, 50.000000
112.497084, 28.457084, 49.000000
112.497917, 28.457084, 50.000000
112.498750, 28.457084, 49.000000
112.500417, 28.457084, 42.000000
112.501250, 28.457084, 46.000000
112.502084, 28.457084, 52.000000
112.502917, 28.457084, 52.000000
112.503750, 28.457084, 55.000000
112.504584, 28.457084, 53.000000
112.505417, 28.457084, 57.000000
112.506250, 28.457084, 61.000000
112.508750, 28.457084, 52.000000
112.510417, 28.457084, 48.000000
112.512084, 28.457084, 45.000000
112.512917, 28.457084, 44.000000
112.513750, 28.457084, 42.000000
112.514584, 28.457084, 42.000000
112.515417, 28.457084, 44.000000
112.458750, 28.456251, 53.000000
112.459584, 28.456251, 57.000000
112.460417, 28.456251, 56.000000
112.461250, 28.456251, 57.000000
112.462084, 28.456251, 60.000000
112.462917, 28.456251, 63.000000
112.463750, 28.456251, 66.000000
112.464584, 28.456251, 63.000000
112.465417, 28.456251, 62.000000
112.466250, 28.456251, 62.000000
112.467084, 28.456251, 63.000000
112.467917, 28.456251, 64.000000
112.468750, 28.456251, 66.000000
112.469584, 28.456251, 58.000000
112.470417, 28.456251, 51.000000
112.471250, 28.456251, 58.000000
112.472084, 28.456251, 62.000000
112.472917, 28.456251, 58.000000
112.473750, 28.456251, 59.000000
112.474584, 28.456251, 60.000000
112.475417, 28.456251, 62.000000
112.476250, 28.456251, 64.000000
112.477084, 28.456251, 60.000000
112.477917, 28.456251, 64.000000
112.478750, 28.456251, 60.000000
112.479584, 28.456251, 53.000000
112.480417, 28.456251, 53.000000
112.481250, 28.456251, 53.000000
112.482084, 28.456251, 52.000000
112.482917, 28.456251, 50.000000
112.483750, 28.456251, 49.000000
112.484584, 28.456251, 51.000000
112.485417, 28.456251, 50.000000
112.486250, 28.456251, 48.000000
112.487084, 28.456251, 50.000000
112.487917, 28.456251, 51.000000
112.488750, 28.456251, 53.000000
112.489584, 28.456251, 57.000000
112.492084, 28.456251, 47.000000
112.492917, 28.456251, 47.000000
112.493750, 28.456251, 46.000000
112.494584, 28.456251, 52.000000
112.495417, 28.456251, 58.000000
112.497917, 28.456251, 52.000000
112.501250, 28.456251, 43.000000
112.502084, 28.456251, 50.000000
112.502917, 28.456251, 55.000000
112.503750, 28.456251, 57.000000
112.504584, 28.456251, 56.000000
112.505417, 28.456251, 57.000000
112.506250, 28.456251, 55.000000
112.507084, 28.456251, 53.000000
112.508750, 28.456251, 47.000000
112.509584, 28.456251, 45.000000
112.510417, 28.456251, 48.000000
112.511250, 28.456251, 47.000000
112.512084, 28.456251, 48.000000
112.512917, 28.456251, 53.000000
112.513750, 28.456251, 53.000000
112.516250, 28.456251, 40.000000
112.517084, 28.456251, 38.000000
112.458750, 28.455417, 48.000000
112.460417, 28.455417, 59.000000
112.461250, 28.455417, 63.000000
112.462084, 28.455417, 65.000000
112.462917, 28.455417, 64.000000
112.463750, 28.455417, 60.000000
112.464584, 28.455417, 61.000000
112.465417, 28.455417, 69.000000
112.466250, 28.455417, 67.000000
112.467084, 28.455417, 66.000000
112.467917, 28.455417, 63.000000
112.468750, 28.455417, 57.000000
112.469584, 28.455417, 58.000000
112.470417, 28.455417, 59.000000
112.471250, 28.455417, 59.000000
112.472084, 28.455417, 66.000000
112.472917, 28.455417, 62.000000
112.473750, 28.455417, 67.000000
112.474584, 28.455417, 61.000000
112.475417, 28.455417, 60.000000
112.476250, 28.455417, 59.000000
112.477084, 28.455417, 55.000000
112.477917, 28.455417, 55.000000
112.478750, 28.455417, 53.000000
112.479584, 28.455417, 50.000000
112.480417, 28.455417, 48.000000
112.481250, 28.455417, 52.000000
112.482084, 28.455417, 56.000000
112.482917, 28.455417, 55.000000
112.483750, 28.455417, 54.000000
112.484584, 28.455417, 58.000000
112.485417, 28.455417, 63.000000
112.486250, 28.455417, 58.000000
112.487084, 28.455417, 56.000000
112.487917, 28.455417, 57.000000
112.488750, 28.455417, 56.000000
112.490417, 28.455417, 49.000000
112.491250, 28.455417, 54.000000
112.492084, 28.455417, 55.000000
112.493750, 28.455417, 49.000000
112.494584, 28.455417, 60.000000
112.495417, 28.455417, 62.000000
112.497084, 28.455417, 53.000000
112.497917, 28.455417, 53.000000
112.499584, 28.455417, 50.000000
112.500417, 28.455417, 51.000000
112.502084, 28.455417, 45.000000
112.502917, 28.455417, 48.000000
112.503750, 28.455417, 48.000000
112.504584, 28.455417, 50.000000
112.505417, 28.455417, 51.000000
112.506250, 28.455417, 53.000000
112.507084, 28.455417, 55.000000
112.507917, 28.455417, 55.000000
112.508750, 28.455417, 56.000000
112.510417, 28.455417, 52.000000
112.511250, 28.455417, 55.000000
112.512917, 28.455417, 60.000000
112.513750, 28.455417, 61.000000
112.457917, 28.454584, 47.000000
112.458750, 28.454584, 45.000000
112.460417, 28.454584, 52.000000
112.461250, 28.454584, 61.000000
112.462084, 28.454584, 65.000000
112.462917, 28.454584, 59.000000
112.463750, 28.454584, 56.000000
112.464584, 28.454584, 64.000000
112.465417, 28.454584, 69.000000
112.466250, 28.454584, 64.000000
112.467084, 28.454584, 61.000000
112.467917, 28.454584, 60.000000
112.468750, 28.454584, 63.000000
112.469584, 28.454584, 66.000000
112.470417, 28.454584, 61.000000
112.471250, 28.454584, 60.000000
112.472084, 28.454584, 65.000000
112.472917, 28.454584, 68.000000
112.473750, 28.454584, 73.000000
112.474584, 28.454584, 70.000000
112.475417, 28.454584, 66.000000
112.476250, 28.454584, 66.000000
112.477084, 28.454584, 62.000000
112.477917, 28.454584, 57.000000
112.478750, 28.454584, 50.000000
112.479584, 28.454584, 50.000000
112.480417, 28.454584, 53.000000
112.481250, 28.454584, 57.000000
112.482084, 28.454584, 60.000000
112.482917, 28.454584, 60.000000
112.483750, 28.454584, 60.000000
112.484584, 28.454584, 65.000000
112.485417, 28.454584, 67.000000
112.486250, 28.454584, 67.000000
112.487084, 28.454584, 58.000000
112.488750, 28.454584, 52.000000
112.489584, 28.454584, 50.000000
112.490417, 28.454584, 58.000000
112.491250, 28.454584, 66.000000
112.493750, 28.454584, 57.000000
112.494584, 28.454584, 65.000000
112.497084, 28.454584, 58.000000
112.497917, 28.454584, 61.000000
112.498750, 28.454584, 59.000000
112.499584, 28.454584, 59.000000
112.502084, 28.454584, 50.000000
112.502917, 28.454584, 57.000000
112.503750, 28.454584, 58.000000
112.505417, 28.454584, 50.000000
112.506250, 28.454584, 57.000000
112.507084, 28.454584, 62.000000
112.508750, 28.454584, 59.000000
112.509584, 28.454584, 58.000000
112.511250, 28.454584, 56.000000
112.512084, 28.454584, 55.000000
112.512917, 28.454584, 60.000000
112.514584, 28.454584, 53.000000
112.517084, 28.454584, 40.000000
112.457917, 28.453751, 53.000000
112.458750, 28.453751, 49.000000
112.459584, 28.453751, 49.000000
112.460417, 28.453751, 48.000000
112.461250, 28.453751, 51.000000
112.462084, 28.453751, 54.000000
112.462917, 28.453751, 53.000000
112.463750, 28.453751, 58.000000
112.464584, 28.453751, 65.000000
112.465417, 28.453751, 68.000000
112.466250, 28.453751, 65.000000
112.467084, 28.453751, 65.000000
112.467917, 28.453751, 67.000000
112.468750, 28.453751, 65.000000
112.469584, 28.453751, 64.000000
112.470417, 28.453751, 67.000000
112.471250, 28.453751, 62.000000
112.472084, 28.453751, 65.000000
112.472917, 28.453751, 68.000000
112.473750, 28.453751, 73.000000
112.474584, 28.453751, 74.000000
112.475417, 28.453751, 70.000000
112.476250, 28.453751, 68.000000
112.477084, 28.453751, 62.000000
112.477917, 28.453751, 56.000000
112.478750, 28.453751, 53.000000
112.479584, 28.453751, 53.000000
112.480417, 28.453751, 57.000000
112.481250, 28.453751, 64.000000
112.482084, 28.453751, 65.000000
112.482917, 28.453751, 64.000000
112.483750, 28.453751, 62.000000
112.484584, 28.453751, 64.000000
112.485417, 28.453751, 64.000000
112.486250, 28.453751, 60.000000
112.487084, 28.453751, 56.000000
112.487917, 28.453751, 59.000000
112.489584, 28.453751, 54.000000
112.490417, 28.453751, 64.000000
112.491250, 28.453751, 64.000000
112.493750, 28.453751, 57.000000
112.494584, 28.453751, 64.000000
112.496250, 28.453751, 56.000000
112.497084, 28.453751, 60.000000
112.497917, 28.453751, 63.000000
112.498750, 28.453751, 61.000000
112.499584, 28.453751, 60.000000
112.502084, 28.453751, 57.000000
112.502917, 28.453751, 62.000000
112.505417, 28.453751, 53.000000
112.506250, 28.453751, 60.000000
112.507084, 28.453751, 63.000000
112.508750, 28.453751, 55.000000
112.509584, 28.453751, 59.000000
112.511250, 28.453751, 54.000000
112.512084, 28.453751, 57.000000
112.512917, 28.453751, 56.000000
112.516250, 28.453751, 40.000000
112.517084, 28.453751, 42.000000
112.457917, 28.452917, 59.000000
112.458750, 28.452917, 57.000000
112.459584, 28.452917, 54.000000
112.460417, 28.452917, 50.000000
112.461250, 28.452917, 49.000000
112.462917, 28.452917, 60.000000
112.463750, 28.452917, 62.000000
112.464584, 28.452917, 65.000000
112.465417, 28.452917, 67.000000
112.466250, 28.452917, 68.000000
112.467084, 28.452917, 72.000000
112.467917, 28.452917, 71.000000
112.468750, 28.452917, 68.000000
112.469584, 28.452917, 70.000000
112.470417, 28.452917, 74.000000
112.471250, 28.452917, 68.000000
112.472084, 28.452917, 70.000000
112.472917, 28.452917, 73.000000
112.473750, 28.452917, 71.000000
112.474584, 28.452917, 70.000000
112.475417, 28.452917, 65.000000
112.476250, 28.452917, 59.000000
112.477084, 28.452917, 58.000000
112.477917, 28.452917, 57.000000
112.478750, 28.452917, 56.000000
112.479584, 28.452917, 53.000000
112.480417, 28.452917, 55.000000
112.481250, 28.452917, 60.000000
112.482084, 28.452917, 62.000000
112.482917, 28.452917, 64.000000
112.483750, 28.452917, 62.000000
112.484584, 28.452917, 65.000000
112.485417, 28.452917, 62.000000
112.486250, 28.452917, 61.000000
112.487084, 28.452917, 63.000000
112.489584, 28.452917, 58.000000
112.490417, 28.452917, 64.000000
112.492917, 28.452917, 55.000000
112.493750, 28.452917, 55.000000
112.494584, 28.452917, 62.000000
112.496250, 28.452917, 58.000000
112.497084, 28.452917, 57.000000
112.497917, 28.452917, 56.000000
112.498750, 28.452917, 56.000000
112.499584, 28.452917, 55.000000
112.500417, 28.452917, 56.000000
112.501250, 28.452917, 58.000000
112.502084, 28.452917, 62.000000
112.504584, 28.452917, 55.000000
112.505417, 28.452917, 57.000000
112.506250, 28.452917, 57.000000
112.507084, 28.452917, 57.000000
112.507917, 28.452917, 56.000000
112.508750, 28.452917, 54.000000
112.509584, 28.452917, 56.000000
112.510417, 28.452917, 54.000000
112.512084, 28.452917, 50.000000
112.512917, 28.452917, 48.000000
112.515417, 28.452917, 40.000000
112.516250, 28.452917, 41.000000
112.517084, 28.452917, 44.000000
112.457917, 28.452084, 60.000000
112.458750, 28.452084, 61.000000
112.459584, 28.452084, 57.000000
112.460417, 28.452084, 61.000000
112.461250, 28.452084, 54.000000
112.462084, 28.452084, 49.000000
112.462917, 28.452084, 58.000000
112.463750, 28.452084, 65.000000
112.464584, 28.452084, 63.000000
112.465417, 28.452084, 65.000000
112.466250, 28.452084, 70.000000
112.467084, 28.452084, 69.000000
112.467917, 28.452084, 70.000000
112.468750, 28.452084, 73.000000
112.469584, 28.452084, 70.000000
112.470417, 28.452084, 71.000000
112.471250, 28.452084, 71.000000
112.472084, 28.452084, 71.000000
112.472917, 28.452084, 67.000000
112.473750, 28.452084, 64.000000
112.474584, 28.452084, 60.000000
112.475417, 28.452084, 59.000000
112.476250, 28.452084, 59.000000
112.477084, 28.452084, 66.000000
112.477917, 28.452084, 65.000000
112.478750, 28.452084, 60.000000
112.479584, 28.452084, 63.000000
112.480417, 28.452084, 55.000000
112.481250, 28.452084, 62.000000
112.482084, 28.452084, 64.000000
112.482917, 28.452084, 64.000000
112.483750, 28.452084, 64.000000
112.484584, 28.452084, 61.000000
112.485417, 28.452084, 60.000000
112.486250, 28.452084, 64.000000
112.487084, 28.452084, 61.000000
112.488750, 28.452084, 57.000000
112.489584, 28.452084, 58.000000
112.490417, 28.452084, 63.000000
112.492084, 28.452084, 61.000000
112.492917, 28.452084, 59.000000
112.494584, 28.452084, 62.000000
112.496250, 28.452084, 61.000000
112.498750, 28.452084, 54.000000
112.499584, 28.452084, 55.000000
112.500417, 28.452084, 57.000000
112.501250, 28.452084, 61.000000
112.503750, 28.452084, 58.000000
112.504584, 28.452084, 63.000000
112.505417, 28.452084, 66.000000
112.507917, 28.452084, 58.000000
112.510417, 28.452084, 57.000000
112.512084, 28.452084, 51.000000
112.512917, 28.452084, 52.000000
112.515417, 28.452084, 43.000000
112.516250, 28.452084, 45.000000
112.517084, 28.452084, 44.000000
112.457917, 28.451251, 63.000000
112.458750, 28.451251, 66.000000
112.459584, 28.451251, 60.000000
112.460417, 28.451251, 62.000000
112.461250, 28.451251, 64.000000
112.462084, 28.451251, 52.000000
112.462917, 28.451251, 51.000000
112.463750, 28.451251, 60.000000
112.464584, 28.451251, 61.000000
112.465417, 28.451251, 66.000000
112.466250, 28.451251, 68.000000
112.467084, 28.451251, 71.000000
112.467917, 28.451251, 75.000000
112.468750, 28.451251, 75.000000
112.469584, 28.451251, 71.000000
112.470417, 28.451251, 64.000000
112.471250, 28.451251, 63.000000
112.472084, 28.451251, 59.000000
112.472917, 28.451251, 57.000000
112.473750, 28.451251, 58.000000
112.474584, 28.451251, 56.000000
112.475417, 28.451251, 62.000000
112.476250, 28.451251, 66.000000
112.477084, 28.451251, 70.000000
112.477917, 28.451251, 64.000000
112.478750, 28.451251, 67.000000
112.479584, 28.451251, 71.000000
112.480417, 28.451251, 61.000000
112.481250, 28.451251, 62.000000
112.482084, 28.451251, 67.000000
112.482917, 28.451251, 66.000000
112.483750, 28.451251, 68.000000
112.484584, 28.451251, 67.000000
112.485417, 28.451251, 69.000000
112.486250, 28.451251, 64.000000
112.487084, 28.451251, 60.000000
112.487917, 28.451251, 60.000000
112.488750, 28.451251, 59.000000
112.489584, 28.451251, 60.000000
112.490417, 28.451251, 63.000000
112.492084, 28.451251, 60.000000
112.493750, 28.451251, 58.000000
112.494584, 28.451251, 65.000000
112.496250, 28.451251, 65.000000
112.497084, 28.451251, 63.000000
112.497917, 28.451251, 63.000000
112.500417, 28.451251, 56.000000
112.501250, 28.451251, 60.000000
112.502917, 28.451251, 54.000000
112.503750, 28.451251, 62.000000
112.504584, 28.451251, 60.000000
112.505417, 28.451251, 62.000000
112.507084, 28.451251, 52.000000
112.507917, 28.451251, 52.000000
112.508750, 28.451251, 50.000000
112.509584, 28.451251, 49.000000
112.510417, 28.451251, 56.000000
112.511250, 28.451251, 56.000000
112.514584, 28.451251, 45.000000
112.515417, 28.451251, 49.000000
112.516250, 28.451251, 49.000000
112.457917, 28.450417, 67.000000
112.458750, 28.450417, 68.000000
112.459584, 28.450417, 64.000000
112.460417, 28.450417, 65.000000
112.461250, 28.450417, 66.000000
112.462084, 28.450417, 60.000000
112.462917, 28.450417, 51.000000
112.463750, 28.450417, 51.000000
112.464584, 28.450417, 54.000000
112.465417, 28.450417, 59.000000
112.466250, 28.450417, 60.000000
112.467084, 28.450417, 62.000000
112.467917, 28.450417, 63.000000
112.468750, 28.450417, 63.000000
112.469584, 28.450417, 59.000000
112.470417, 28.450417, 59.000000
112.471250, 28.450417, 61.000000
112.472084, 28.450417, 59.000000
112.472917, 28.450417, 61.000000
112.473750, 28.450417, 66.000000
112.474584, 28.450417, 63.000000
112.475417, 28.450417, 67.000000
112.476250, 28.450417, 70.000000
112.477084, 28.450417, 73.000000
112.477917, 28.450417, 67.000000
112.478750, 28.450417, 71.000000
112.479584, 28.450417, 68.000000
112.480417, 28.450417, 61.000000
112.481250, 28.450417, 62.000000
112.482084, 28.450417, 69.000000
112.482917, 28.450417, 67.000000
112.483750, 28.450417, 68.000000
112.484584, 28.450417, 69.000000
112.485417, 28.450417, 69.000000
112.486250, 28.450417, 62.000000
112.487084, 28.450417, 65.000000
112.487917, 28.450417, 66.000000
112.488750, 28.450417, 64.000000
112.489584, 28.450417, 64.000000
112.490417, 28.450417, 65.000000
112.492084, 28.450417, 61.000000
112.493750, 28.450417, 64.000000
112.494584, 28.450417, 67.000000
112.496250, 28.450417, 67.000000
112.497917, 28.450417, 64.000000
112.498750, 28.450417, 63.000000
112.500417, 28.450417, 58.000000
112.501250, 28.450417, 61.000000
112.502084, 28.450417, 59.000000
112.503750, 28.450417, 63.000000
112.506250, 28.450417, 52.000000
112.507084, 28.450417, 55.000000
112.508750, 28.450417, 51.000000
112.510417, 28.450417, 49.000000
112.511250, 28.450417, 48.000000
112.512917, 28.450417, 43.000000
112.513750, 28.450417, 45.000000
112.514584, 28.450417, 49.000000
112.515417, 28.450417, 57.000000
112.457917, 28.449584, 59.000000
112.458750, 28.449584, 65.000000
112.459584, 28.449584, 66.000000
112.460417, 28.449584, 67.000000
112.461250, 28.449584, 66.000000
112.462084, 28.449584, 61.000000
112.462917, 28.449584, 53.000000
112.463750, 28.449584, 54.000000
112.464584, 28.449584, 54.000000
112.465417, 28.449584, 54.000000
112.466250, 28.449584, 55.000000
112.467084, 28.449584, 57.000000
112.467917, 28.449584, 60.000000
112.468750, 28.449584, 58.000000
112.469584, 28.449584, 64.000000
112.470417, 28.449584, 66.000000
112.471250, 28.449584, 67.000000
112.472084, 28.449584, 66.000000
112.472917, 28.449584, 68.000000
112.473750, 28.449584, 69.000000
112.474584, 28.449584, 69.000000
112.475417, 28.449584, 67.000000
112.476250, 28.449584, 74.000000
112.477084, 28.449584, 74.000000
112.477917, 28.449584, 67.000000
112.478750, 28.449584, 68.000000
112.479584, 28.449584, 67.000000
112.480417, 28.449584, 60.000000
112.481250, 28.449584, 66.000000
112.482084, 28.449584, 67.000000
112.482917, 28.449584, 63.000000
112.483750, 28.449584, 67.000000
112.484584, 28.449584, 73.000000
112.485417, 28.449584, 74.000000
112.486250, 28.449584, 66.000000
112.487084, 28.449584, 69.000000
112.487917, 28.449584, 66.000000
112.489584, 28.449584, 64.000000
112.490417, 28.449584, 69.000000
112.491250, 28.449584, 69.000000
112.492084, 28.449584, 67.000000
112.493750, 28.449584, 64.000000
112.494584, 28.449584, 64.000000
112.495417, 28.449584, 66.000000
112.496250, 28.449584, 66.000000
112.497917, 28.449584, 63.000000
112.498750, 28.449584, 65.000000
112.500417, 28.449584, 62.000000
112.501250, 28.449584, 64.000000
112.502084, 28.449584, 62.000000
112.503750, 28.449584, 62.000000
112.506250, 28.449584, 56.000000
112.507084, 28.449584, 60.000000
112.507917, 28.449584, 60.000000
112.509584, 28.449584, 50.000000
112.510417, 28.449584, 52.000000
112.511250, 28.449584, 50.000000
112.512084, 28.449584, 49.000000
112.512917, 28.449584, 52.000000
112.513750, 28.449584, 53.000000
112.514584, 28.449584, 53.000000
112.515417, 28.449584, 56.000000
112.459584, 28.448751, 65.000000
112.462084, 28.448751, 60.000000
112.462917, 28.448751, 56.000000
112.463750, 28.448751, 62.000000
112.464584, 28.448751, 60.000000
112.465417, 28.448751, 56.000000
112.466250, 28.448751, 58.000000
112.467084, 28.448751, 62.000000
112.467917, 28.448751, 64.000000
112.468750, 28.448751, 64.000000
112.469584, 28.448751, 69.000000
112.470417, 28.448751, 70.000000
112.471250, 28.448751, 70.000000
112.472084, 28.448751, 71.000000
112.472917, 28.448751, 71.000000
112.473750, 28.448751, 75.000000
112.474584, 28.448751, 75.000000
112.475417, 28.448751, 73.000000
112.476250, 28.448751, 72.000000
112.477084, 28.448751, 75.000000
112.477917, 28.448751, 73.000000
112.478750, 28.448751, 72.000000
112.479584, 28.448751, 66.000000
112.480417, 28.448751, 62.000000
112.481250, 28.448751, 69.000000
112.482084, 28.448751, 65.000000
112.482917, 28.448751, 64.000000
112.483750, 28.448751, 71.000000
112.484584, 28.448751, 75.000000
112.487084, 28.448751, 66.000000
112.487917, 28.448751, 71.000000
112.488750, 28.448751, 67.000000
112.489584, 28.448751, 62.000000
112.490417, 28.448751, 63.000000
112.491250, 28.448751, 72.000000
112.493750, 28.448751, 66.000000
112.494584, 28.448751, 63.000000
112.495417, 28.448751, 66.000000
112.496250, 28.448751, 64.000000
112.497917, 28.448751, 58.000000
112.498750, 28.448751, 63.000000
112.499584, 28.448751, 63.000000
112.501250, 28.448751, 61.000000
112.503750, 28.448751, 64.000000
112.505417, 28.448751, 60.000000
112.506250, 28.448751, 58.000000
112.507084, 28.448751, 59.000000
112.509584, 28.448751, 53.000000
112.510417, 28.448751, 59.000000
112.511250, 28.448751, 55.000000
112.512084, 28.448751, 53.000000
112.512917, 28.448751, 55.000000
112.513750, 28.448751, 55.000000
112.514584, 28.448751, 54.000000
112.515417, 28.448751, 52.000000
112.457917, 28.447917, 62.000000
112.460417, 28.447917, 61.000000
112.461250, 28.447917, 65.000000
112.462084, 28.447917, 67.000000
112.462917, 28.447917, 65.000000
112.463750, 28.447917, 64.000000
112.464584, 28.447917, 67.000000
112.465417, 28.447917, 64.000000
112.466250, 28.447917, 57.000000
112.467084, 28.447917, 63.000000
112.467917, 28.447917, 67.000000
112.468750, 28.447917, 67.000000
112.469584, 28.447917, 72.000000
112.470417, 28.447917, 73.000000
112.471250, 28.447917, 70.000000
112.472084, 28.447917, 76.000000
112.472917, 28.447917, 74.000000
112.473750, 28.447917, 75.000000
112.474584, 28.447917, 74.000000
112.475417, 28.447917, 73.000000
112.476250, 28.447917, 72.000000
112.477084, 28.447917, 74.000000
112.477917, 28.447917, 71.000000
112.478750, 28.447917, 72.000000
112.479584, 28.447917, 68.000000
112.480417, 28.447917, 66.000000
112.481250, 28.447917, 74.000000
112.482084, 28.447917, 74.000000
112.482917, 28.447917, 65.000000
112.486250, 28.447917, 65.000000
112.487917, 28.447917, 68.000000
112.488750, 28.447917, 71.000000
112.491250, 28.447917, 64.000000
112.492917, 28.447917, 67.000000
112.493750, 28.447917, 64.000000
112.495417, 28.447917, 64.000000
112.496250, 28.447917, 64.000000
112.497917, 28.447917, 61.000000
112.498750, 28.447917, 69.000000
112.499584, 28.447917, 64.000000
112.501250, 28.447917, 59.000000
112.502084, 28.447917, 64.000000
112.502917, 28.447917, 63.000000
112.503750, 28.447917, 63.000000
112.505417, 28.447917, 58.000000
112.506250, 28.447917, 59.000000
112.507084, 28.447917, 59.000000
112.507917, 28.447917, 60.000000
112.508750, 28.447917, 56.000000
112.509584, 28.447917, 55.000000
112.510417, 28.447917, 59.000000
112.512084, 28.447917, 53.000000
112.512917, 28.447917, 55.000000
112.513750, 28.447917, 56.000000
112.514584, 28.447917, 55.000000
112.457917, 28.447084, 62.000000
112.458750, 28.447084, 60.000000
112.459584, 28.447084, 63.000000
112.460417, 28.447084, 64.000000
112.461250, 28.447084, 71.000000
112.462084, 28.447084, 71.000000
112.462917, 28.447084, 66.000000
112.463750, 28.447084, 63.000000
112.464584, 28.447084, 70.000000
112.465417, 28.447084, 68.000000
112.466250, 28.447084, 60.000000
112.467084, 28.447084, 64.000000
112.467917, 28.447084, 71.000000
112.468750, 28.447084, 71.000000
112.469584, 28.447084, 71.000000
112.470417, 28.447084, 80.000000
112.471250, 28.447084, 72.000000
112.472084, 28.447084, 78.000000
112.472917, 28.447084, 74.000000
112.479584, 28.447084, 66.000000
112.480417, 28.447084, 69.000000
112.481250, 28.447084, 73.000000
112.482084, 28.447084, 75.000000
112.482917, 28.447084, 65.000000
112.485417, 28.447084, 76.000000
112.486250, 28.447084, 77.000000
112.487084, 28.447084, 68.000000
112.487917, 28.447084, 62.000000
112.491250, 28.447084, 61.000000
112.492084, 28.447084, 67.000000
112.492917, 28.447084, 67.000000
112.495417, 28.447084, 65.000000
112.496250, 28.447084, 65.000000
112.497917, 28.447084, 62.000000
112.498750, 28.447084, 66.000000
112.501250, 28.447084, 67.000000
112.502084, 28.447084, 67.000000
112.506250, 28.447084, 56.000000
112.507084, 28.447084, 61.000000
112.507917, 28.447084, 57.000000
112.509584, 28.447084, 55.000000
112.510417, 28.447084, 59.000000
112.512917, 28.447084, 55.000000
112.513750, 28.447084, 56.000000
112.514584, 28.447084, 54.000000
112.517917, 28.447084, 38.000000
112.457917, 28.446251, 65.000000
112.458750, 28.446251, 61.000000
112.459584, 28.446251, 66.000000
112.460417, 28.446251, 66.000000
112.461250, 28.446251, 71.000000
112.462084, 28.446251, 75.000000
112.462917, 28.446251, 71.000000
112.463750, 28.446251, 69.000000
112.464584, 28.446251, 70.000000
112.466250, 28.446251, 59.000000
112.467084, 28.446251, 66.000000
112.467917, 28.446251, 72.000000
112.468750, 28.446251, 72.000000
112.469584, 28.446251, 70.000000
112.471250, 28.446251, 77.000000
112.472084, 28.446251, 80.000000
112.472917, 28.446251, 80.000000
112.473750, 28.446251, 85.000000
112.474584, 28.446251, 84.000000
112.475417, 28.446251, 76.000000
112.476250, 28.446251, 66.000000
112.477084, 28.446251, 68.000000
112.477917, 28.446251, 72.000000
112.478750, 28.446251, 67.000000
112.479584, 28.446251, 68.000000
112.482917, 28.446251, 65.000000
112.487084, 28.446251, 70.000000
112.489584, 28.446251, 63.000000
112.491250, 28.446251, 58.000000
112.492084, 28.446251, 65.000000
112.494584, 28.446251, 62.000000
112.495417, 28.446251, 65.000000
112.497917, 28.446251, 63.000000
112.498750, 28.446251, 66.000000
112.499584, 28.446251, 65.000000
112.500417, 28.446251, 63.000000
112.501250, 28.446251, 64.000000
112.503750, 28.446251, 59.000000
112.504584, 28.446251, 61.000000
112.505417, 28.446251, 55.000000
112.506250, 28.446251, 54.000000
112.507084, 28.446251, 55.000000
112.509584, 28.446251, 56.000000
112.510417, 28.446251, 53.000000
112.457917, 28.445417, 65.000000
112.458750, 28.445417, 61.000000
112.459584, 28.445417, 66.000000
112.460417, 28.445417, 70.000000
112.461250, 28.445417, 69.000000
112.462917, 28.445417, 73.000000
112.463750, 28.445417, 69.000000
112.465417, 28.445417, 63.000000
112.466250, 28.445417, 65.000000
112.467084, 28.445417, 72.000000
112.467917, 28.445417, 78.000000
112.468750, 28.445417, 79.000000
112.469584, 28.445417, 74.000000
112.470417, 28.445417, 76.000000
112.471250, 28.445417, 78.000000
112.472917, 28.445417, 81.000000
112.473750, 28.445417, 83.000000
112.474584, 28.445417, 84.000000
112.475417, 28.445417, 80.000000
112.476250, 28.445417, 70.000000
112.477084, 28.445417, 66.000000
112.477917, 28.445417, 73.000000
112.478750, 28.445417, 70.000000
112.479584, 28.445417, 74.000000
112.480417, 28.445417, 73.000000
112.481250, 28.445417, 66.000000
112.482917, 28.445417, 63.000000
112.483750, 28.445417, 59.000000
112.489584, 28.445417, 63.000000
112.492084, 28.445417, 64.000000
112.492917, 28.445417, 63.000000
112.494584, 28.445417, 62.000000
112.495417, 28.445417, 70.000000
112.496250, 28.445417, 63.000000
112.497084, 28.445417, 56.000000
112.497917, 28.445417, 65.000000
112.498750, 28.445417, 71.000000
112.499584, 28.445417, 64.000000
112.500417, 28.445417, 63.000000
112.503750, 28.445417, 60.000000
112.504584, 28.445417, 60.000000
112.517084, 28.445417, 38.000000
112.517917, 28.445417, 37.000000
112.457917, 28.444584, 66.000000
112.458750, 28.444584, 66.000000
112.459584, 28.444584, 69.000000
112.460417, 28.444584, 75.000000
112.461250, 28.444584, 78.000000
112.462084, 28.444584, 70.000000
112.463750, 28.444584, 72.000000
112.464584, 28.444584, 72.000000
112.465417, 28.444584, 73.000000
112.466250, 28.444584, 72.000000
112.467084, 28.444584, 74.000000
112.467917, 28.444584, 76.000000
112.478750, 28.444584, 70.000000
112.479584, 28.444584, 75.000000
112.480417, 28.444584, 76.000000
112.481250, 28.444584, 71.000000
112.482084, 28.444584, 66.000000
112.482917, 28.444584, 61.000000
112.483750, 28.444584, 58.000000
112.484584, 28.444584, 55.000000
112.492084, 28.444584, 54.000000
112.494584, 28.444584, 60.000000
112.495417, 28.444584, 69.000000
112.497917, 28.444584, 58.000000
112.498750, 28.444584, 65.000000
112.512084, 28.444584, 42.000000
112.512917, 28.444584, 41.000000
112.513750, 28.444584, 42.000000
112.514584, 28.444584, 44.000000
112.515417, 28.444584, 43.000000
112.516250, 28.444584, 39.000000
112.517084, 28.444584, 38.000000
112.457917, 28.443751, 71.000000
112.458750, 28.443751, 65.000000
112.459584, 28.443751, 71.000000
112.460417, 28.443751, 75.000000
112.462084, 28.443751, 71.000000
112.462917, 28.443751, 71.000000
112.463750, 28.443751, 71.000000
112.464584, 28.443751, 76.000000
112.465417, 28.443751, 79.000000
112.466250, 28.443751, 72.000000
112.469584, 28.443751, 63.000000
112.470417, 28.443751, 71.000000
112.471250, 28.443751, 73.000000
112.472084, 28.443751, 74.000000
112.472917, 28.443751, 67.000000
112.482917, 28.443751, 59.000000
112.484584, 28.443751, 54.000000
112.485417, 28.443751, 53.000000
112.486250, 28.443751, 51.000000
112.487084, 28.443751, 51.000000
112.487917, 28.443751, 50.000000
112.490417, 28.443751, 53.000000
112.492084, 28.443751, 49.000000
112.494584, 28.443751, 53.000000
112.506250, 28.443751, 43.000000
112.507084, 28.443751, 43.000000
112.507917, 28.443751, 44.000000
112.508750, 28.443751, 45.000000
112.509584, 28.443751, 43.000000
112.510417, 28.443751, 42.000000
112.511250, 28.443751, 42.000000
112.512084, 28.443751, 48.000000
112.512917, 28.443751, 46.000000
112.513750, 28.443751, 45.000000
112.514584, 28.443751, 47.000000
112.515417, 28.443751, 43.000000
112.517084, 28.443751, 38.000000
112.462084, 28.442917, 69.000000
112.462917, 28.442917, 71.000000
112.463750, 28.442917, 69.000000
112.467084, 28.442917, 65.000000
112.467917, 28.442917, 71.000000
112.468750, 28.442917, 65.000000
112.469584, 28.442917, 66.000000
112.470417, 28.442917, 71.000000
112.471250, 28.442917, 80.000000
112.472084, 28.442917, 85.000000
112.472917, 28.442917, 77.000000
112.473750, 28.442917, 73.000000
112.474584, 28.442917, 72.000000
112.475417, 28.442917, 65.000000
112.476250, 28.442917, 61.000000
112.477084, 28.442917, 59.000000
112.477917, 28.442917, 58.000000
112.483750, 28.442917, 55.000000
112.484584, 28.442917, 54.000000
112.485417, 28.442917, 54.000000
112.486250, 28.442917, 53.000000
112.487084, 28.442917, 51.000000
112.487917, 28.442917, 53.000000
112.488750, 28.442917, 54.000000
112.489584, 28.442917, 54.000000
112.490417, 28.442917, 55.000000
112.491250, 28.442917, 54.000000
112.492084, 28.442917, 52.000000
112.492917, 28.442917, 50.000000
112.493750, 28.442917, 49.000000
112.494584, 28.442917, 48.000000
112.503750, 28.442917, 45.000000
112.504584, 28.442917, 45.000000
112.505417, 28.442917, 46.000000
112.506250, 28.442917, 49.000000
112.507084, 28.442917, 49.000000
112.507917, 28.442917, 47.000000
112.508750, 28.442917, 49.000000
112.509584, 28.442917, 49.000000
112.510417, 28.442917, 47.000000
112.511250, 28.442917, 47.000000
112.512084, 28.442917, 52.000000
112.512917, 28.442917, 49.000000
112.513750, 28.442917, 47.000000
112.517084, 28.442917, 37.000000
112.461250, 28.442084, 71.000000
112.462084, 28.442084, 77.000000
112.462917, 28.442084, 76.000000
112.463750, 28.442084, 72.000000
112.466250, 28.442084, 64.000000
112.467084, 28.442084, 76.000000
112.467917, 28.442084, 78.000000
112.468750, 28.442084, 73.000000
112.469584, 28.442084, 64.000000
112.470417, 28.442084, 71.000000
112.471250, 28.442084, 79.000000
112.472084, 28.442084, 83.000000
112.472917, 28.442084, 81.000000
112.473750, 28.442084, 78.000000
112.474584, 28.442084, 81.000000
112.475417, 28.442084, 70.000000
112.476250, 28.442084, 63.000000
112.477084, 28.442084, 62.000000
112.477917, 28.442084, 61.000000
112.478750, 28.442084, 58.000000
112.481250, 28.442084, 55.000000
112.482084, 28.442084, 54.000000
112.482917, 28.442084, 58.000000
112.483750, 28.442084, 60.000000
112.484584, 28.442084, 60.000000
112.485417, 28.442084, 59.000000
112.486250, 28.442084, 60.000000
112.487084, 28.442084, 55.000000
112.487917, 28.442084, 59.000000
112.488750, 28.442084, 64.000000
112.489584, 28.442084, 63.000000
112.490417, 28.442084, 63.000000
112.491250, 28.442084, 60.000000
112.492084, 28.442084, 60.000000
112.492917, 28.442084, 57.000000
112.493750, 28.442084, 54.000000
112.494584, 28.442084, 50.000000
112.495417, 28.442084, 48.000000
112.496250, 28.442084, 50.000000
112.497084, 28.442084, 48.000000
112.497917, 28.442084, 48.000000
112.498750, 28.442084, 47.000000
112.499584, 28.442084, 46.000000
112.500417, 28.442084, 48.000000
112.501250, 28.442084, 47.000000
112.502084, 28.442084, 47.000000
112.502917, 28.442084, 45.000000
112.503750, 28.442084, 46.000000
112.504584, 28.442084, 49.000000
112.505417, 28.442084, 50.000000
112.506250, 28.442084, 52.000000
112.507084, 28.442084, 50.000000
112.507917, 28.442084, 50.000000
112.508750, 28.442084, 51.000000
112.509584, 28.442084, 47.000000
112.511250, 28.442084, 49.000000
112.512084, 28.442084, 55.000000
112.512917, 28.442084, 50.000000
112.513750, 28.442084, 50.000000
112.515417, 28.442084, 40.000000
112.516250, 28.442084, 38.000000
112.517084, 28.442084, 37.000000
112.458750, 28.441251, 59.000000
112.459584, 28.441251, 64.000000
112.464584, 28.441251, 60.000000
112.465417, 28.441251, 65.000000
112.466250, 28.441251, 74.000000
112.467084, 28.441251, 81.000000
112.467917, 28.441251, 82.000000
112.468750, 28.441251, 76.000000
112.469584, 28.441251, 67.000000
112.470417, 28.441251, 79.000000
112.471250, 28.441251, 84.000000
112.472917, 28.441251, 80.000000
112.473750, 28.441251, 82.000000
112.474584, 28.441251, 87.000000
112.475417, 28.441251, 80.000000
112.476250, 28.441251, 74.000000
112.477084, 28.441251, 65.000000
112.477917, 28.441251, 59.000000
112.478750, 28.441251, 56.000000
112.479584, 28.441251, 55.000000
112.480417, 28.441251, 59.000000
112.481250, 28.441251, 65.000000
112.482084, 28.441251, 71.000000
112.482917, 28.441251, 65.000000
112.483750, 28.441251, 61.000000
112.484584, 28.441251, 59.000000
112.485417, 28.441251, 62.000000
112.486250, 28.441251, 62.000000
112.487084, 28.441251, 57.000000
112.487917, 28.441251, 65.000000
112.488750, 28.441251, 66.000000
112.489584, 28.441251, 66.000000
112.490417, 28.441251, 72.000000
112.491250, 28.441251, 66.000000
112.492084, 28.441251, 65.000000
112.492917, 28.441251, 64.000000
112.493750, 28.441251, 65.000000
112.494584, 28.441251, 60.000000
112.495417, 28.441251, 56.000000
112.496250, 28.441251, 54.000000
112.497084, 28.441251, 54.000000
112.497917, 28.441251, 53.000000
112.498750, 28.441251, 52.000000
112.499584, 28.441251, 58.000000
112.500417, 28.441251, 62.000000
112.501250, 28.441251, 61.000000
112.502084, 28.441251, 59.000000
112.502917, 28.441251, 52.000000
112.503750, 28.441251, 50.000000
112.504584, 28.441251, 55.000000
112.505417, 28.441251, 53.000000
112.506250, 28.441251, 54.000000
112.507084, 28.441251, 55.000000
112.507917, 28.441251, 53.000000
112.508750, 28.441251, 52.000000
112.509584, 28.441251, 49.000000
112.510417, 28.441251, 51.000000
112.511250, 28.441251, 53.000000
112.512084, 28.441251, 56.000000
112.513750, 28.441251, 53.000000
112.515417, 28.441251, 41.000000
112.516250, 28.441251, 39.000000
112.464584, 28.440417, 67.000000
112.465417, 28.440417, 79.000000
112.466250, 28.440417, 87.000000
112.469584, 28.440417, 68.000000
112.470417, 28.440417, 77.000000
112.472084, 28.440417, 77.000000
112.473750, 28.440417, 81.000000
112.474584, 28.440417, 86.000000
112.475417, 28.440417, 87.000000
112.476250, 28.440417, 86.000000
112.477084, 28.440417, 77.000000
112.477917, 28.440417, 63.000000
112.478750, 28.440417, 60.000000
112.479584, 28.440417, 64.000000
112.480417, 28.440417, 70.000000
112.481250, 28.440417, 75.000000
112.482084, 28.440417, 77.000000
112.482917, 28.440417, 70.000000
112.483750, 28.440417, 67.000000
112.484584, 28.440417, 68.000000
112.485417, 28.440417, 72.000000
112.486250, 28.440417, 63.000000
112.487084, 28.440417, 60.000000
112.487917, 28.440417, 71.000000
112.488750, 28.440417, 71.000000
112.489584, 28.440417, 69.000000
112.490417, 28.440417, 75.000000
112.491250, 28.440417, 70.000000
112.492084, 28.440417, 64.000000
112.492917, 28.440417, 67.000000
112.493750, 28.440417, 72.000000
112.494584, 28.440417, 67.000000
112.495417, 28.440417, 60.000000
112.496250, 28.440417, 60.000000
112.497084, 28.440417, 61.000000
112.497917, 28.440417, 57.000000
112.498750, 28.440417, 62.000000
112.499584, 28.440417, 71.000000
112.500417, 28.440417, 71.000000
112.501250, 28.440417, 69.000000
112.502084, 28.440417, 61.000000
112.503750, 28.440417, 55.000000
112.504584, 28.440417, 57.000000
112.505417, 28.440417, 55.000000
112.506250, 28.440417, 57.000000
112.507084, 28.440417, 62.000000
112.507917, 28.440417, 58.000000
112.509584, 28.440417, 54.000000
112.510417, 28.440417, 56.000000
112.511250, 28.440417, 55.000000
112.512084, 28.440417, 51.000000
112.513750, 28.440417, 51.000000
112.459584, 28.439584, 52.000000
112.460417, 28.439584, 52.000000
112.461250, 28.439584, 54.000000
112.462084, 28.439584, 56.000000
112.462917, 28.439584, 64.000000
112.463750, 28.439584, 64.000000
112.464584, 28.439584, 70.000000
112.465417, 28.439584, 83.000000
112.467917, 28.439584, 74.000000
112.468750, 28.439584, 79.000000
112.469584, 28.439584, 74.000000
112.471250, 28.439584, 81.000000
112.472084, 28.439584, 81.000000
112.472917, 28.439584, 79.000000
112.475417, 28.439584, 87.000000
112.476250, 28.439584, 87.000000
112.477084, 28.439584, 79.000000
112.477917, 28.439584, 66.000000
112.478750, 28.439584, 63.000000
112.479584, 28.439584, 68.000000
112.480417, 28.439584, 71.000000
112.482917, 28.439584, 78.000000
112.483750, 28.439584, 71.000000
112.484584, 28.439584, 73.000000
112.485417, 28.439584, 70.000000
112.486250, 28.439584, 62.000000
112.487084, 28.439584, 61.000000
112.487917, 28.439584, 67.000000
112.488750, 28.439584, 70.000000
112.490417, 28.439584, 71.000000
112.492917, 28.439584, 65.000000
112.493750, 28.439584, 67.000000
112.496250, 28.439584, 70.000000
112.497084, 28.439584, 67.000000
112.497917, 28.439584, 60.000000
112.498750, 28.439584, 69.000000
112.499584, 28.439584, 73.000000
112.503750, 28.439584, 60.000000
112.504584, 28.439584, 63.000000
112.505417, 28.439584, 62.000000
112.506250, 28.439584, 63.000000
112.507084, 28.439584, 63.000000
112.509584, 28.439584, 55.000000
112.510417, 28.439584, 57.000000
112.511250, 28.439584, 58.000000
112.512084, 28.439584, 53.000000
112.512917, 28.439584, 52.000000
112.516250, 28.439584, 38.000000
112.460417, 28.438751, 64.000000
112.461250, 28.438751, 54.000000
112.462084, 28.438751, 55.000000
112.466250, 28.438751, 79.000000
112.467084, 28.438751, 78.000000
112.467917, 28.438751, 87.000000
112.468750, 28.438751, 90.000000
112.469584, 28.438751, 81.000000
112.470417, 28.438751, 80.000000
112.471250, 28.438751, 90.000000
112.472084, 28.438751, 88.000000
112.472917, 28.438751, 83.000000
112.473750, 28.438751, 72.000000
112.474584, 28.438751, 76.000000
112.478750, 28.438751, 66.000000
112.479584, 28.438751, 69.000000
112.480417, 28.438751, 69.000000
112.483750, 28.438751, 71.000000
112.484584, 28.438751, 73.000000
112.487084, 28.438751, 59.000000
112.487917, 28.438751, 64.000000
112.488750, 28.438751, 65.000000
112.490417, 28.438751, 67.000000
112.494584, 28.438751, 70.000000
112.496250, 28.438751, 69.000000
112.497084, 28.438751, 69.000000
112.498750, 28.438751, 65.000000
112.502084, 28.438751, 61.000000
112.502917, 28.438751, 61.000000
112.503750, 28.438751, 61.000000
112.504584, 28.438751, 67.000000
112.505417, 28.438751, 62.000000
112.506250, 28.438751, 61.000000
112.508750, 28.438751, 56.000000
112.509584, 28.438751, 56.000000
112.510417, 28.438751, 60.000000
112.511250, 28.438751, 59.000000
112.460417, 28.437917, 71.000000
112.461250, 28.437917, 58.000000
112.462084, 28.437917, 56.000000
112.464584, 28.437917, 71.000000
112.465417, 28.437917, 75.000000
112.466250, 28.437917, 78.000000
112.467084, 28.437917, 78.000000
112.468750, 28.437917, 90.000000
112.469584, 28.437917, 79.000000
112.470417, 28.437917, 79.000000
112.471250, 28.437917, 89.000000
112.472084, 28.437917, 90.000000
112.472917, 28.437917, 82.000000
112.473750, 28.437917, 76.000000
112.474584, 28.437917, 77.000000
112.477084, 28.437917, 73.000000
112.477917, 28.437917, 66.000000
112.478750, 28.437917, 68.000000
112.479584, 28.437917, 75.000000
112.480417, 28.437917, 71.000000
112.481250, 28.437917, 66.000000
112.487084, 28.437917, 57.000000
112.487917, 28.437917, 58.000000
112.488750, 28.437917, 63.000000
112.489584, 28.437917, 67.000000
112.490417, 28.437917, 67.000000
112.491250, 28.437917, 67.000000
112.492084, 28.437917, 67.000000
112.492917, 28.437917, 60.000000
112.493750, 28.437917, 60.000000
112.494584, 28.437917, 66.000000
112.497084, 28.437917, 67.000000
112.497917, 28.437917, 69.000000
112.498750, 28.437917, 66.000000
112.501250, 28.437917, 63.000000
112.502084, 28.437917, 67.000000
112.502917, 28.437917, 65.000000
112.503750, 28.437917, 61.000000
112.504584, 28.437917, 61.000000
112.507917, 28.437917, 56.000000
112.508750, 28.437917, 58.000000
112.509584, 28.437917, 61.000000
112.510417, 28.437917, 62.000000
112.515417, 28.437917, 38.000000
112.461250, 28.437084, 61.000000
112.462084, 28.437084, 66.000000
112.462917, 28.437084, 62.000000
112.472917, 28.437084, 83.000000
112.473750, 28.437084, 74.000000
112.476250, 28.437084, 71.000000
112.477084, 28.437084, 81.000000
112.477917, 28.437084, 71.000000
112.478750, 28.437084, 69.000000
112.479584, 28.437084, 76.000000
112.480417, 28.437084, 74.000000
112.481250, 28.437084, 74.000000
112.482084, 28.437084, 70.000000
112.482917, 28.437084, 63.000000
112.485417, 28.437084, 60.000000
112.486250, 28.437084, 63.000000
112.487084, 28.437084, 65.000000
112.487917, 28.437084, 60.000000
112.488750, 28.437084, 61.000000
112.489584, 28.437084, 66.000000
112.490417, 28.437084, 68.000000
112.491250, 28.437084, 70.000000
112.492084, 28.437084, 66.000000
112.493750, 28.437084, 59.000000
112.494584, 28.437084, 60.000000
112.497084, 28.437084, 64.000000
112.497917, 28.437084, 68.000000
112.500417, 28.437084, 62.000000
112.501250, 28.437084, 63.000000
112.502084, 28.437084, 62.000000
112.503750, 28.437084, 63.000000
112.504584, 28.437084, 61.000000
112.506250, 28.437084, 57.000000
112.507084, 28.437084, 57.000000
112.507917, 28.437084, 58.000000
112.508750, 28.437084, 63.000000
112.509584, 28.437084, 62.000000
112.510417, 28.437084, 59.000000
112.461250, 28.436251, 69.000000
112.462084, 28.436251, 76.000000
112.462917, 28.436251, 70.000000
112.463750, 28.436251, 70.000000
112.464584, 28.436251, 66.000000
112.467084, 28.436251, 74.000000
112.467917, 28.436251, 80.000000
112.468750, 28.436251, 84.000000
112.469584, 28.436251, 82.000000
112.470417, 28.436251, 74.000000
112.472084, 28.436251, 88.000000
112.472917, 28.436251, 88.000000
112.473750, 28.436251, 75.000000
112.474584, 28.436251, 73.000000
112.475417, 28.436251, 70.000000
112.477917, 28.436251, 71.000000
112.478750, 28.436251, 70.000000
112.481250, 28.436251, 74.000000
112.482084, 28.436251, 80.000000
112.482917, 28.436251, 73.000000
112.483750, 28.436251, 66.000000
112.484584, 28.436251, 65.000000
112.485417, 28.436251, 73.000000
112.486250, 28.436251, 77.000000
112.487084, 28.436251, 75.000000
112.487917, 28.436251, 70.000000
112.488750, 28.436251, 65.000000
112.489584, 28.436251, 64.000000
112.490417, 28.436251, 65.000000
112.491250, 28.436251, 70.000000
112.492084, 28.436251, 71.000000
112.492917, 28.436251, 70.000000
112.493750, 28.436251, 63.000000
112.494584, 28.436251, 62.000000
112.495417, 28.436251, 64.000000
112.496250, 28.436251, 65.000000
112.497084, 28.436251, 65.000000
112.497917, 28.436251, 63.000000
112.499584, 28.436251, 66.000000
112.500417, 28.436251, 67.000000
112.501250, 28.436251, 64.000000
112.502084, 28.436251, 66.000000
112.503750, 28.436251, 61.000000
112.504584, 28.436251, 67.000000
112.505417, 28.436251, 66.000000
112.506250, 28.436251, 63.000000
112.507084, 28.436251, 58.000000
112.507917, 28.436251, 58.000000
112.508750, 28.436251, 67.000000
112.509584, 28.436251, 61.000000
112.513750, 28.436251, 41.000000
112.462084, 28.435417, 77.000000
112.462917, 28.435417, 74.000000
112.463750, 28.435417, 79.000000
112.464584, 28.435417, 75.000000
112.465417, 28.435417, 67.000000
112.468750, 28.435417, 83.000000
112.469584, 28.435417, 86.000000
112.470417, 28.435417, 78.000000
112.473750, 28.435417, 80.000000
112.474584, 28.435417, 84.000000
112.475417, 28.435417, 79.000000
112.476250, 28.435417, 67.000000
112.477917, 28.435417, 73.000000
112.478750, 28.435417, 76.000000
112.479584, 28.435417, 76.000000
112.480417, 28.435417, 70.000000
112.481250, 28.435417, 75.000000
112.482084, 28.435417, 81.000000
112.482917, 28.435417, 77.000000
112.483750, 28.435417, 74.000000
112.484584, 28.435417, 75.000000
112.485417, 28.435417, 73.000000
112.486250, 28.435417, 75.000000
112.488750, 28.435417, 69.000000
112.489584, 28.435417, 65.000000
112.490417, 28.435417, 62.000000
112.491250, 28.435417, 63.000000
112.492917, 28.435417, 71.000000
112.494584, 28.435417, 63.000000
112.495417, 28.435417, 63.000000
112.496250, 28.435417, 62.000000
112.498750, 28.435417, 65.000000
112.499584, 28.435417, 65.000000
112.502084, 28.435417, 64.000000
112.507917, 28.435417, 56.000000
112.508750, 28.435417, 63.000000
112.512917, 28.435417, 42.000000
112.513750, 28.435417, 41.000000
112.462917, 28.434584, 77.000000
112.463750, 28.434584, 81.000000
112.464584, 28.434584, 76.000000
112.465417, 28.434584, 77.000000
112.466250, 28.434584, 72.000000
112.470417, 28.434584, 84.000000
112.473750, 28.434584, 83.000000
112.474584, 28.434584, 87.000000
112.475417, 28.434584, 80.000000
112.476250, 28.434584, 66.000000
112.477084, 28.434584, 69.000000
112.477917, 28.434584, 74.000000
112.478750, 28.434584, 76.000000
112.479584, 28.434584, 74.000000
112.480417, 28.434584, 71.000000
112.483750, 28.434584, 78.000000
112.484584, 28.434584, 79.000000
112.489584, 28.434584, 68.000000
112.490417, 28.434584, 71.000000
112.491250, 28.434584, 69.000000
112.492084, 28.434584, 63.000000
112.495417, 28.434584, 62.000000
112.504584, 28.434584, 51.000000
112.463750, 28.433751, 81.000000
112.464584, 28.433751, 83.000000
112.465417, 28.433751, 86.000000
112.466250, 28.433751, 80.000000
112.467084, 28.433751, 67.000000
112.467917, 28.433751, 72.000000
112.468750, 28.433751, 78.000000
112.470417, 28.433751, 82.000000
112.471250, 28.433751, 73.000000
112.472084, 28.433751, 69.000000
112.476250, 28.433751, 64.000000
112.477917, 28.433751, 72.000000
112.480417, 28.433751, 70.000000
112.483750, 28.433751, 76.000000
112.484584, 28.433751, 79.000000
112.485417, 28.433751, 68.000000
112.486250, 28.433751, 68.000000
112.487084, 28.433751, 75.000000
112.487917, 28.433751, 73.000000
112.488750, 28.433751, 66.000000
112.489584, 28.433751, 68.000000
112.490417, 28.433751, 72.000000
112.491250, 28.433751, 73.000000
112.492084, 28.433751, 67.000000
112.492917, 28.433751, 62.000000
112.497084, 28.433751, 53.000000
112.499584, 28.433751, 54.000000
112.500417, 28.433751, 53.000000
112.501250, 28.433751, 53.000000
112.502084, 28.433751, 55.000000
112.502917, 28.433751, 52.000000
112.503750, 28.433751, 51.000000
112.504584, 28.433751, 51.000000
112.505417, 28.433751, 49.000000
112.506250, 28.433751, 50.000000
112.507917, 28.433751, 48.000000
112.508750, 28.433751, 46.000000
112.463750, 28.432917, 85.000000
112.464584, 28.432917, 82.000000
112.467084, 28.432917, 69.000000
112.467917, 28.432917, 71.000000
112.468750, 28.432917, 81.000000
112.469584, 28.432917, 82.000000
112.471250, 28.432917, 74.000000
112.472084, 28.432917, 76.000000
112.472917, 28.432917, 71.000000
112.476250, 28.432917, 62.000000
112.477917, 28.432917, 71.000000
112.478750, 28.432917, 71.000000
112.480417, 28.432917, 71.000000
112.481250, 28.432917, 66.000000
112.482917, 28.432917, 67.000000
112.483750, 28.432917, 75.000000
112.485417, 28.432917, 66.000000
112.486250, 28.432917, 68.000000
112.487084, 28.432917, 75.000000
112.489584, 28.432917, 66.000000
112.492084, 28.432917, 72.000000
112.492917, 28.432917, 71.000000
112.494584, 28.432917, 56.000000
112.495417, 28.432917, 57.000000
112.496250, 28.432917, 60.000000
112.497084, 28.432917, 60.000000
112.497917, 28.432917, 57.000000
112.498750, 28.432917, 56.000000
112.499584, 28.432917, 60.000000
112.500417, 28.432917, 60.000000
112.501250, 28.432917, 61.000000
112.502084, 28.432917, 63.000000
112.502917, 28.432917, 58.000000
112.503750, 28.432917, 61.000000
112.504584, 28.432917, 56.000000
112.505417, 28.432917, 58.000000
112.506250, 28.432917, 57.000000
112.507084, 28.432917, 57.000000
112.507917, 28.432917, 59.000000
112.508750, 28.432917, 57.000000
112.509584, 28.432917, 51.000000
112.510417, 28.432917, 44.000000
112.511250, 28.432917, 42.000000
112.512084, 28.432917, 41.000000
112.464584, 28.432084, 88.000000
112.465417, 28.432084, 81.000000
112.466250, 28.432084, 75.000000
112.467084, 28.432084, 73.000000
112.467917, 28.432084, 72.000000
112.468750, 28.432084, 80.000000
112.469584, 28.432084, 87.000000
112.470417, 28.432084, 86.000000
112.471250, 28.432084, 81.000000
112.472084, 28.432084, 89.000000
112.472917, 28.432084, 84.000000
112.473750, 28.432084, 79.000000
112.474584, 28.432084, 68.000000
112.475417, 28.432084, 62.000000
112.476250, 28.432084, 61.000000
112.477084, 28.432084, 61.000000
112.479584, 28.432084, 64.000000
112.480417, 28.432084, 69.000000
112.481250, 28.432084, 68.000000
112.482084, 28.432084, 63.000000
112.482917, 28.432084, 66.000000
112.483750, 28.432084, 77.000000
112.484584, 28.432084, 73.000000
112.485417, 28.432084, 66.000000
112.486250, 28.432084, 70.000000
112.487084, 28.432084, 74.000000
112.489584, 28.432084, 63.000000
112.490417, 28.432084, 67.000000
112.491250, 28.432084, 67.000000
112.492084, 28.432084, 72.000000
112.492917, 28.432084, 76.000000
112.494584, 28.432084, 66.000000
112.495417, 28.432084, 61.000000
112.496250, 28.432084, 60.000000
112.497084, 28.432084, 65.000000
112.497917, 28.432084, 66.000000
112.498750, 28.432084, 65.000000
112.499584, 28.432084, 65.000000
112.500417, 28.432084, 71.000000
112.501250, 28.432084, 72.000000
112.502084, 28.432084, 67.000000
112.503750, 28.432084, 56.000000
112.505417, 28.432084, 62.000000
112.506250, 28.432084, 64.000000
112.507084, 28.432084, 63.000000
112.507917, 28.432084, 63.000000
112.511250, 28.432084, 42.000000
112.465417, 28.431251, 83.000000
112.466250, 28.431251, 87.000000
112.467084, 28.431251, 84.000000
112.467917, 28.431251, 74.000000
112.470417, 28.431251, 86.000000
112.471250, 28.431251, 83.000000
112.472917, 28.431251, 86.000000
112.474584, 28.431251, 67.000000
112.475417, 28.431251, 65.000000
112.476250, 28.431251, 62.000000
112.477084, 28.431251, 61.000000
112.482084, 28.431251, 61.000000
112.484584, 28.431251, 75.000000
112.485417, 28.431251, 70.000000
112.486250, 28.431251, 70.000000
112.487084, 28.431251, 72.000000
112.487917, 28.431251, 73.000000
112.488750, 28.431251, 69.000000
112.489584, 28.431251, 62.000000
112.490417, 28.431251, 68.000000
112.491250, 28.431251, 73.000000
112.492084, 28.431251, 74.000000
112.492917, 28.431251, 76.000000
112.494584, 28.431251, 70.000000
112.495417, 28.431251, 66.000000
112.496250, 28.431251, 63.000000
112.497084, 28.431251, 65.000000
112.497917, 28.431251, 69.000000
112.498750, 28.431251, 72.000000
112.499584, 28.431251, 70.000000
112.500417, 28.431251, 68.000000
112.503750, 28.431251, 59.000000
112.504584, 28.431251, 60.000000
112.505417, 28.431251, 61.000000
112.506250, 28.431251, 67.000000
112.467084, 28.430417, 82.000000
112.467917, 28.430417, 81.000000
112.471250, 28.430417, 83.000000
112.472084, 28.430417, 90.000000
112.472917, 28.430417, 88.000000
112.473750, 28.430417, 77.000000
112.474584, 28.430417, 69.000000
112.475417, 28.430417, 72.000000
112.476250, 28.430417, 69.000000
112.477084, 28.430417, 64.000000
112.477917, 28.430417, 62.000000
112.478750, 28.430417, 62.000000
112.479584, 28.430417, 63.000000
112.480417, 28.430417, 60.000000
112.486250, 28.430417, 69.000000
112.487084, 28.430417, 75.000000
112.487917, 28.430417, 76.000000
112.490417, 28.430417, 62.000000
112.491250, 28.430417, 69.000000
112.494584, 28.430417, 69.000000
112.495417, 28.430417, 72.000000
112.496250, 28.430417, 68.000000
112.497084, 28.430417, 65.000000
112.498750, 28.430417, 67.000000
112.502917, 28.430417, 63.000000
112.503750, 28.430417, 61.000000
112.504584, 28.430417, 61.000000
112.505417, 28.430417, 61.000000
112.506250, 28.430417, 63.000000
112.468750, 28.429584, 73.000000
112.472917, 28.429584, 86.000000
112.473750, 28.429584, 82.000000
112.474584, 28.429584, 74.000000
112.475417, 28.429584, 77.000000
112.476250, 28.429584, 81.000000
112.477084, 28.429584, 77.000000
112.477917, 28.429584, 71.000000
112.478750, 28.429584, 71.000000
112.479584, 28.429584, 77.000000
112.480417, 28.429584, 73.000000
112.481250, 28.429584, 65.000000
112.482084, 28.429584, 60.000000
112.482917, 28.429584, 60.000000
112.485417, 28.429584, 65.000000
112.486250, 28.429584, 67.000000
112.487084, 28.429584, 74.000000
112.487917, 28.429584, 73.000000
112.494584, 28.429584, 61.000000
112.497084, 28.429584, 67.000000
112.501250, 28.429584, 67.000000
112.502084, 28.429584, 64.000000
112.502917, 28.429584, 60.000000
112.474584, 28.428751, 77.000000
112.475417, 28.428751, 80.000000
112.476250, 28.428751, 87.000000
112.477084, 28.428751, 82.000000
112.477917, 28.428751, 72.000000
112.478750, 28.428751, 69.000000
112.481250, 28.428751, 63.000000
112.482084, 28.428751, 65.000000
112.482917, 28.428751, 63.000000
112.483750, 28.428751, 59.000000
112.491250, 28.428751, 60.000000
112.492084, 28.428751, 58.000000
112.492917, 28.428751, 59.000000
112.498750, 28.428751, 59.000000
112.500417, 28.428751, 58.000000
112.501250, 28.428751, 65.000000
112.503750, 28.428751, 58.000000
112.469584, 28.427917, 70.000000
112.470417, 28.427917, 67.000000
112.474584, 28.427917, 76.000000
112.475417, 28.427917, 82.000000
112.477084, 28.427917, 81.000000
112.477917, 28.427917, 70.000000
112.482084, 28.427917, 65.000000
112.482917, 28.427917, 67.000000
112.483750, 28.427917, 61.000000
112.484584, 28.427917, 56.000000
112.486250, 28.427917, 58.000000
112.487917, 28.427917, 72.000000
112.488750, 28.427917, 72.000000
112.489584, 28.427917, 71.000000
112.490417, 28.427917, 72.000000
112.491250, 28.427917, 71.000000
112.492084, 28.427917, 68.000000
112.492917, 28.427917, 70.000000
112.493750, 28.427917, 64.000000
112.494584, 28.427917, 66.000000
112.495417, 28.427917, 65.000000
112.470417, 28.427084, 77.000000
112.471250, 28.427084, 71.000000
112.477084, 28.427084, 81.000000
112.477917, 28.427084, 77.000000
112.478750, 28.427084, 68.000000
112.479584, 28.427084, 65.000000
112.480417, 28.427084, 61.000000
112.481250, 28.427084, 59.000000
112.482917, 28.427084, 65.000000
112.483750, 28.427084, 64.000000
112.484584, 28.427084, 58.000000
112.485417, 28.427084, 54.000000
112.487917, 28.427084, 64.000000
112.489584, 28.427084, 71.000000
112.490417, 28.427084, 74.000000
112.492084, 28.427084, 71.000000
112.492917, 28.427084, 72.000000
112.494584, 28.427084, 65.000000
112.495417, 28.427084, 67.000000
112.496250, 28.427084, 64.000000
112.497084, 28.427084, 56.000000
112.497917, 28.427084, 53.000000
112.498750, 28.427084, 54.000000
112.499584, 28.427084, 53.000000
112.500417, 28.427084, 52.000000
112.501250, 28.427084, 52.000000
112.502917, 28.427084, 52.000000
112.472084, 28.426251, 64.000000
112.472917, 28.426251, 63.000000
112.473750, 28.426251, 62.000000
112.478750, 28.426251, 75.000000
112.479584, 28.426251, 74.000000
112.480417, 28.426251, 71.000000
112.481250, 28.426251, 64.000000
112.482084, 28.426251, 61.000000
112.482917, 28.426251, 63.000000
112.483750, 28.426251, 63.000000
112.484584, 28.426251, 57.000000
112.485417, 28.426251, 55.000000
112.486250, 28.426251, 53.000000
112.487917, 28.426251, 56.000000
112.497084, 28.426251, 64.000000
112.497917, 28.426251, 62.000000
112.498750, 28.426251, 60.000000
112.499584, 28.426251, 57.000000
112.500417, 28.426251, 53.000000
112.502084, 28.426251, 50.000000
112.473750, 28.425417, 68.000000
112.474584, 28.425417, 64.000000
112.478750, 28.425417, 74.000000
112.479584, 28.425417, 76.000000
112.480417, 28.425417, 74.000000
112.481250, 28.425417, 71.000000
112.482084, 28.425417, 64.000000
112.483750, 28.425417, 61.000000
112.484584, 28.425417, 58.000000
112.485417, 28.425417, 55.000000
112.486250, 28.425417, 55.000000
112.487084, 28.425417, 52.000000
112.487917, 28.425417, 53.000000
112.502084, 28.425417, 47.000000
112.480417, 28.424584, 73.000000
112.481250, 28.424584, 73.000000
112.482084, 28.424584, 68.000000
112.482917, 28.424584, 62.000000
112.483750, 28.424584, 65.000000
112.484584, 28.424584, 63.000000
112.485417, 28.424584, 61.000000
112.486250, 28.424584, 61.000000
112.487084, 28.424584, 58.000000
112.487917, 28.424584, 55.000000
112.488750, 28.424584, 55.000000
112.489584, 28.424584, 54.000000
112.492084, 28.424584, 52.000000
112.492917, 28.424584, 55.000000
112.494584, 28.424584, 52.000000
112.495417, 28.424584, 50.000000
112.499584, 28.424584, 50.000000
112.482084, 28.423751, 71.000000
112.482917, 28.423751, 67.000000
112.483750, 28.423751, 64.000000
112.484584, 28.423751, 64.000000
112.485417, 28.423751, 65.000000
112.486250, 28.423751, 65.000000
112.487084, 28.423751, 59.000000
112.487917, 28.423751, 61.000000
112.488750, 28.423751, 63.000000
112.489584, 28.423751, 61.000000
112.490417, 28.423751, 59.000000
112.491250, 28.423751, 59.000000
112.492084, 28.423751, 59.000000
112.492917, 28.423751, 61.000000
112.493750, 28.423751, 60.000000
112.494584, 28.423751, 62.000000
112.495417, 28.423751, 57.000000
112.496250, 28.423751, 55.000000
112.497084, 28.423751, 57.000000
112.482917, 28.422917, 67.000000
112.483750, 28.422917, 66.000000
112.484584, 28.422917, 64.000000
112.485417, 28.422917, 63.000000
112.486250, 28.422917, 63.000000
112.487084, 28.422917, 59.000000
112.487917, 28.422917, 64.000000
112.488750, 28.422917, 67.000000
112.489584, 28.422917, 63.000000
112.490417, 28.422917, 64.000000
112.491250, 28.422917, 66.000000
112.492084, 28.422917, 67.000000
112.492917, 28.422917, 62.000000
112.493750, 28.422917, 62.000000
